oil,DATE_year,DATE_month,DATE_day,gold,coffee,corn,cotton,lumber,wheat,snp
56.61,2015,4,21,1202.68,140.30,373.00,63.03,242.90,500.50,2097.29
56.29,2015,4,22,1187.25,142.40,372.50,63.09,252.90,499.13,2107.96
57.50,2015,4,23,1194.05,140.45,370.75,65.42,252.70,498.13,2112.93
57.20,2015,4,24,1179.65,141.15,364.50,66.31,258.50,486.38,2117.69
56.81,2015,4,27,1202.10,136.10,360.75,66.14,256.20,473.88,2108.92
57.02,2015,4,28,1212.10,138.15,361.00,66.15,251.50,476.38,2114.76
58.49,2015,4,29,1209.00,138.35,363.75,67.24,253.00,483.88,2106.85
59.63,2015,4,30,1186.50,136.55,362.50,67.66,256.30,475.38,2085.51
59.33,2015,5,1,1178.50,133.45,359.75,66.39,256.30,473.88,2108.29
58.97,2015,5,4,1188.20,131.85,358.75,66.75,245.30,472.75,2114.49
60.40,2015,5,5,1193.33,132.55,361.25,66.38,242.00,466.75,2089.46
60.62,2015,5,6,1191.80,128.05,366.50,66.00,244.20,479.25,2080.15
58.81,2015,5,7,1184.80,130.85,357.75,65.60,237.50,472.63,2088.00
60.40,2015,5,8,1187.90,132.90,358.50,66.13,234.60,482.38,2116.10
60.29,2015,5,11,1184.20,133.35,358.25,65.47,237.60,481.63,2105.33
61.37,2015,5,12,1193.50,134.50,357.00,65.19,234.00,481.38,2099.12
61.03,2015,5,13,1215.38,134.40,356.00,65.74,236.50,481.63,2098.48
60.75,2015,5,14,1217.70,135.65,361.00,66.49,247.50,514.63,2121.10
60.67,2015,5,15,1224.25,137.20,365.50,66.58,238.70,510.75,2122.73
60.48,2015,5,18,1225.80,141.65,368.00,64.89,257.70,521.88,2129.20
58.12,2015,5,19,1212.20,139.85,362.00,64.40,262.50,510.63,2127.83
58.73,2015,5,20,1209.90,136.00,360.00,64.23,272.00,512.50,2125.85
60.66,2015,5,21,1206.45,128.45,365.00,63.78,269.60,520.50,2130.82
59.90,2015,5,22,1205.95,126.95,360.00,63.33,273.80,515.00,2126.06
58.26,2015,5,26,1182.30,124.05,355.00,63.38,276.20,492.63,2104.20
57.66,2015,5,27,1188.15,124.50,349.50,63.19,274.40,488.25,2123.48
57.88,2015,5,28,1188.45,125.15,353.50,64.50,272.50,487.38,2120.79
60.18,2015,5,29,1190.50,126.15,351.50,64.44,274.10,477.88,2107.39
60.31,2015,6,1,1189.15,129.80,352.25,63.74,266.20,494.75,2111.73
61.32,2015,6,2,1193.60,132.70,359.00,63.74,265.40,512.63,2109.60
59.74,2015,6,3,1185.30,134.30,359.00,65.25,275.40,509.13,2114.07
58.19,2015,6,4,1177.10,135.70,363.50,65.18,283.50,523.13,2095.84
58.94,2015,6,5,1172.00,135.10,360.50,64.67,291.20,517.00,2092.83
58.34,2015,6,8,1174.05,136.55,365.25,64.90,293.10,527.63,2079.28
59.89,2015,6,9,1176.70,137.35,365.00,64.79,289.30,532.75,2080.15
61.18,2015,6,10,1185.85,136.45,357.25,64.99,296.70,512.63,2105.20
61.10,2015,6,11,1187.00,132.00,356.50,63.90,291.30,505.13,2108.86
60.43,2015,6,12,1181.30,132.05,353.00,64.39,296.10,504.25,2094.11
60.10,2015,6,15,1186.40,127.80,348.25,63.49,296.40,488.88,2084.43
60.47,2015,6,16,1181.88,129.35,354.00,64.64,293.10,488.63,2096.29
60.25,2015,6,17,1185.45,126.65,359.25,64.28,298.70,491.63,2100.44
60.75,2015,6,18,1206.00,128.70,358.00,64.28,298.10,487.88,2121.24
59.78,2015,6,19,1204.00,127.15,353.25,63.74,298.60,488.88,2109.99
60.17,2015,6,22,1185.45,130.35,360.00,64.06,294.10,501.75,2122.85
61.09,2015,6,23,1170.15,127.70,367.50,63.56,289.30,522.63,2124.20
60.27,2015,6,24,1175.20,133.30,366.50,64.57,288.90,518.13,2108.58
59.64,2015,6,25,1170.00,133.35,376.50,65.64,292.20,532.38,2102.31
59.58,2015,6,26,1174.80,131.70,385.00,67.39,292.20,560.75,2101.49
58.19,2015,6,29,1184.10,130.80,383.25,67.18,292.20,584.13,2057.64
59.32,2015,6,30,1172.60,130.65,414.00,67.89,288.30,616.63,2063.11
57.00,2015,7,1,1168.80,125.10,413.75,67.53,288.00,587.25,2077.42
56.53,2015,7,2,1172.10,125.60,419.75,67.11,288.50,588.25,2076.78
52.87,2015,7,6,1170.15,123.30,418.50,66.70,283.70,594.88,2068.76
52.96,2015,7,7,1164.70,122.90,415.75,65.84,281.20,584.38,2081.34
51.87,2015,7,8,1158.60,123.15,416.25,65.24,282.20,578.25,2046.68
52.82,2015,7,9,1159.65,122.75,421.25,65.86,288.80,577.38,2051.31
53.21,2015,7,10,1163.90,122.95,427.25,65.55,293.50,575.13,2076.62
52.68,2015,7,13,1158.00,126.60,433.50,65.63,293.00,575.50,2099.60
53.33,2015,7,14,1155.90,129.85,424.00,66.02,289.40,570.88,2108.95
51.83,2015,7,15,1149.65,128.00,429.50,65.04,290.90,567.13,2107.40
51.32,2015,7,16,1139.90,127.45,430.00,65.09,280.50,562.63,2124.29
51.14,2015,7,17,1134.10,127.00,420.25,65.24,278.20,554.25,2126.64
50.25,2015,7,20,1108.00,125.85,405.00,65.00,272.60,534.75,2128.28
50.89,2015,7,21,1101.45,123.85,406.50,64.39,266.50,523.88,2119.21
49.13,2015,7,22,1094.50,125.05,402.75,64.53,265.10,516.38,2114.15
48.61,2015,7,23,1090.80,121.55,403.25,64.68,269.40,522.50,2102.15
48.24,2015,7,24,1099.00,122.25,392.50,64.77,266.70,512.38,2079.65
47.07,2015,7,27,1094.33,120.40,373.00,63.78,257.70,502.13,2067.64
47.72,2015,7,28,1100.20,120.25,375.00,64.40,256.10,512.13,2093.25
48.88,2015,7,29,1114.00,122.15,367.75,63.87,251.60,496.00,2108.57
48.46,2015,7,30,1087.90,124.90,373.25,63.53,251.80,497.38,2108.63
46.90,2015,7,31,1094.53,125.25,371.00,64.07,252.10,498.13,2103.84
45.43,2015,8,3,1086.13,123.95,366.50,63.82,260.30,500.88,2098.04
45.82,2015,8,4,1082.90,124.90,368.75,63.53,258.70,493.75,2093.32
45.24,2015,8,5,1083.20,125.90,372.75,63.45,261.30,502.63,2099.84
44.76,2015,8,6,1089.60,124.25,369.75,62.33,260.80,507.13,2083.56
43.85,2015,8,7,1094.20,127.80,372.75,61.72,259.00,510.63,2077.57
44.77,2015,8,10,1096.50,133.50,390.25,61.80,259.10,523.63,2104.18
44.20,2015,8,11,1109.03,137.20,376.50,61.83,250.10,507.13,2084.07
44.08,2015,8,12,1126.60,131.85,357.25,64.69,253.20,493.75,2086.05
42.97,2015,8,13,1115.05,137.05,363.75,65.44,255.90,503.38,2083.39
42.68,2015,8,14,1113.70,137.50,364.00,66.12,252.70,505.88,2091.54
42.42,2015,8,17,1114.30,134.75,363.25,66.73,251.10,500.63,2102.44
42.86,2015,8,18,1118.00,135.30,366.25,66.70,250.60,495.50,2096.92
41.01,2015,8,19,1136.60,131.15,367.25,66.65,256.10,496.25,2079.61
40.84,2015,8,20,1163.00,127.65,371.00,66.97,255.40,504.13,2035.73
40.36,2015,8,21,1160.15,121.90,365.25,66.94,245.40,499.38,1970.89
38.13,2015,8,24,1155.15,117.50,368.75,64.09,240.10,504.25,1893.21
38.86,2015,8,25,1140.65,117.05,365.50,63.44,245.10,496.50,1867.61
38.97,2015,8,26,1125.55,118.70,361.75,62.45,242.50,491.00,1940.51
41.88,2015,8,27,1125.85,121.05,363.75,63.27,246.90,484.75,1987.66
45.38,2015,8,28,1133.98,120.45,363.25,63.14,237.10,477.63,1988.87
48.53,2015,8,31,1134.50,120.55,363.75,62.80,234.20,485.38,1972.18
45.22,2015,9,1,1140.00,117.05,356.00,62.63,235.00,485.63,1913.85
46.04,2015,9,2,1134.05,114.70,354.00,62.42,234.00,479.13,1948.86
46.87,2015,9,3,1122.00,116.20,347.75,62.74,232.90,464.88,1951.13
46.03,2015,9,4,1123.00,115.85,349.50,62.60,233.20,467.13,1921.22
45.90,2015,9,8,1121.80,117.70,355.00,63.28,231.70,475.13,1969.41
44.33,2015,9,9,1106.10,117.80,356.50,63.12,232.10,472.63,1942.04
45.70,2015,9,10,1111.65,113.05,361.75,63.06,241.80,478.13,1952.29
45.32,2015,9,11,1107.90,113.35,374.50,63.34,247.50,485.13,1961.05
44.49,2015,9,14,1108.80,117.00,379.00,62.71,246.30,501.38,1953.03
45.11,2015,9,15,1105.40,115.50,390.50,62.47,252.70,494.88,1978.09
47.54,2015,9,16,1119.55,113.80,386.00,62.62,242.50,488.88,1995.31
47.14,2015,9,17,1130.85,113.50,379.75,62.37,234.30,480.88,1990.20
45.22,2015,9,18,1139.40,113.35,377.25,60.47,231.80,486.63,1958.03
46.60,2015,9,21,1133.40,117.25,384.50,60.55,228.70,496.63,1966.97
46.20,2015,9,22,1124.65,115.45,380.50,59.90,224.20,495.38,1942.74
44.69,2015,9,23,1130.40,116.20,383.25,59.88,217.30,507.63,1938.76
45.14,2015,9,24,1153.05,118.30,381.50,60.03,216.90,497.13,1932.24
45.56,2015,9,25,1145.80,122.70,389.00,60.49,216.60,508.13,1931.34
44.48,2015,9,28,1132.05,119.15,386.75,60.67,216.20,506.13,1881.77
45.21,2015,9,29,1127.25,120.85,389.00,60.84,220.40,503.88,1884.09
45.46,2015,9,30,1115.00,121.35,387.75,60.53,229.20,512.25,1920.03
45.09,2015,10,1,1114.08,120.75,388.75,60.49,224.60,518.00,1923.82
45.69,2015,10,2,1138.13,124.30,389.25,60.41,221.40,512.63,1951.36
46.41,2015,10,5,1135.75,127.55,393.50,61.70,224.30,515.88,1987.05
48.71,2015,10,6,1153.90,128.10,398.25,61.98,232.20,525.88,1979.92
48.19,2015,10,7,1155.00,126.05,395.75,62.38,235.40,516.63,1995.83
49.68,2015,10,8,1154.00,128.45,391.25,61.65,237.50,511.13,2013.43
50.03,2015,10,9,1157.53,131.60,382.75,61.93,244.40,508.13,2014.89
47.92,2015,10,12,1169.90,134.50,380.75,61.75,254.40,506.88,2017.46
47.12,2015,10,13,1168.90,134.35,384.50,63.85,258.60,518.88,2003.69
47.15,2015,10,14,1185.73,134.65,379.00,63.78,257.00,508.38,1994.24
47.32,2015,10,15,1181.30,133.70,375.50,63.55,261.70,502.13,2023.86
47.65,2015,10,16,1177.55,125.85,376.75,63.87,258.10,492.38,2033.11
46.45,2015,10,19,1170.75,123.90,373.00,63.24,263.10,485.38,2033.66
46.10,2015,10,20,1173.50,124.75,376.75,63.81,260.00,490.63,2030.77
45.17,2015,10,21,1167.10,121.00,380.75,64.24,262.50,494.63,2018.94
45.44,2015,10,22,1168.50,119.85,378.25,62.96,258.90,490.88,2052.51
44.63,2015,10,23,1164.45,118.45,379.75,62.69,261.00,490.63,2075.15
43.72,2015,10,26,1163.50,117.30,384.50,62.49,257.00,509.38,2071.18
43.41,2015,10,27,1167.25,117.30,380.00,62.55,255.00,509.13,2065.89
46.18,2015,10,28,1157.50,119.10,376.00,62.77,257.80,505.88,2090.35
45.75,2015,10,29,1146.78,120.30,380.00,62.42,256.00,515.38,2089.41
46.39,2015,10,30,1142.05,120.95,382.25,63.31,253.70,522.13,2079.36
46.14,2015,11,2,1133.55,118.80,376.50,63.38,249.00,507.88,2104.05
47.90,2015,11,3,1114.20,120.25,380.50,62.79,246.20,516.38,2109.79
46.52,2015,11,4,1102.00,120.50,380.50,62.03,243.10,526.38,2102.31
45.33,2015,11,5,1103.95,120.90,374.50,62.20,250.00,525.88,2099.93
44.54,2015,11,6,1089.85,117.75,373.00,61.88,247.90,522.88,2099.20
44.03,2015,11,9,1092.13,117.75,366.75,61.97,252.00,501.63,2078.58
44.13,2015,11,10,1089.90,116.30,359.00,61.90,254.00,491.38,2081.72
44.27,2015,11,11,1086.23,116.80,362.25,62.12,256.00,495.13,2075.00
42.94,2015,11,12,1086.60,115.30,362.00,61.83,255.70,497.63,2045.97
42.02,2015,11,13,1083.70,112.15,358.25,61.42,251.00,496.13,2023.04
43.12,2015,11,16,1083.03,114.35,360.00,61.54,242.10,493.88,2053.19
41.85,2015,11,17,1070.25,114.25,362.00,61.56,239.20,487.75,2050.44
41.98,2015,11,18,1070.80,112.75,361.75,61.57,238.70,483.38,2083.58
41.76,2015,11,19,1082.20,119.90,364.25,61.83,243.30,490.38,2081.24
41.59,2015,11,20,1078.80,121.90,363.25,60.47,252.40,489.13,2089.17
41.88,2015,11,23,1065.00,119.95,367.25,61.76,249.70,497.38,2086.59
42.87,2015,11,24,1075.78,122.45,364.25,62.00,248.60,488.13,2089.14
43.11,2015,11,25,1080.00,122.90,366.00,63.34,250.00,487.63,2088.87
41.78,2015,11,27,1058.20,121.00,359.25,63.99,247.40,479.00,2090.11
41.66,2015,11,30,1064.75,116.90,365.00,62.71,245.80,475.63,2080.41
41.68,2015,12,1,1068.80,117.15,367.00,63.56,241.70,471.38,2102.63
40.15,2015,12,2,1063.95,117.80,364.00,63.51,240.80,467.13,2079.51
41.15,2015,12,3,1054.00,122.05,370.25,63.93,244.90,478.38,2049.62
40.11,2015,12,4,1086.98,124.00,376.25,64.70,252.10,484.63,2091.69
37.76,2015,12,7,1071.30,122.65,368.50,64.63,262.10,482.88,2077.07
37.67,2015,12,8,1074.88,122.25,370.00,64.57,267.40,481.38,2063.59
37.24,2015,12,9,1073.50,123.85,371.75,64.85,264.80,489.63,2047.62
38.17,2015,12,10,1071.68,122.65,377.25,63.76,263.70,495.38,2052.23
37.14,2015,12,11,1074.10,118.10,373.00,63.86,260.80,490.38,2012.37
37.52,2015,12,14,1060.50,117.25,381.75,63.35,257.40,493.38,2021.94
38.31,2015,12,15,1058.10,115.65,377.25,63.28,255.90,493.88,2043.41
36.90,2015,12,16,1069.00,118.10,369.75,63.38,260.00,483.38,2073.07
36.03,2015,12,17,1048.30,117.80,374.25,63.06,260.00,483.88,2041.89
35.88,2015,12,18,1066.00,118.45,374.50,63.79,267.40,486.13,2005.55
35.78,2015,12,21,1079.80,117.50,372.00,63.20,269.50,479.13,2021.15
36.16,2015,12,22,1072.40,119.15,366.25,63.15,268.60,471.63,2038.97
37.83,2015,12,23,1067.80,120.95,365.50,62.82,267.60,469.63,2064.29
38.08,2015,12,24,1076.05,119.70,364.50,63.62,266.60,468.00,2060.99
36.72,2015,12,28,1065.90,119.15,361.00,64.03,259.50,466.63,2056.50
37.88,2015,12,29,1067.30,121.45,362.50,63.91,256.50,475.88,2078.36
36.73,2015,12,30,1063.20,123.65,359.00,63.94,256.90,469.63,2063.36
36.98,2015,12,31,1060.83,126.70,358.75,63.31,257.60,469.38,2043.94
36.89,2016,1,4,1074.20,123.90,351.50,62.59,254.40,458.38,2012.66
35.80,2016,1,5,1077.35,123.00,353.00,62.69,256.50,461.38,2016.71
33.98,2016,1,6,1093.58,119.95,353.25,62.13,255.50,462.63,1990.26
33.25,2016,1,7,1108.40,118.45,353.00,61.36,250.50,468.38,1943.09
34.08,2016,1,8,1104.10,119.00,357.00,61.49,257.00,478.38,1922.03
32.22,2016,1,11,1092.80,114.45,351.75,61.43,256.80,469.13,1923.67
31.94,2016,1,12,1087.20,114.35,356.75,61.60,256.20,481.38,1938.68
31.66,2016,1,13,1096.00,114.80,358.00,62.03,255.00,477.88,1890.28
32.10,2016,1,14,1078.30,115.90,358.00,61.96,255.00,468.88,1921.84
30.60,2016,1,15,1088.95,114.90,363.25,61.37,257.70,473.38,1880.33
29.56,2016,1,19,1082.20,115.65,367.75,62.44,248.40,474.38,1881.33
28.63,2016,1,20,1100.50,111.60,368.75,61.85,238.40,471.63,1859.33
29.76,2016,1,21,1106.20,114.40,367.00,62.15,239.30,475.38,1868.99
32.27,2016,1,22,1097.68,116.00,370.25,62.34,234.40,475.38,1906.90
29.76,2016,1,25,1108.10,116.45,369.75,61.47,233.30,481.13,1877.08
31.23,2016,1,26,1120.05,116.70,369.25,61.27,236.20,485.13,1903.63
31.95,2016,1,27,1124.20,118.20,369.25,60.88,242.70,476.38,1882.95
33.77,2016,1,28,1120.00,119.15,365.50,61.35,241.60,472.13,1893.36
33.63,2016,1,29,1118.18,116.35,372.00,60.99,240.40,479.38,1940.24
31.38,2016,2,1,1129.00,117.75,371.25,61.63,240.90,475.63,1939.38
29.88,2016,2,2,1128.98,119.85,372.50,62.14,248.70,475.38,1903.03
32.51,2016,2,3,1142.50,121.55,371.00,61.83,251.90,479.88,1912.53
31.75,2016,2,4,1160.00,123.20,368.50,60.29,250.40,472.63,1915.45
31.03,2016,2,5,1173.40,120.40,365.75,59.98,252.80,466.63,1880.05
30.11,2016,2,8,1189.23,115.75,362.25,59.70,251.40,458.38,1853.44
28.49,2016,2,9,1188.95,114.75,361.00,58.53,250.70,457.38,1852.21
29.72,2016,2,10,1197.80,114.75,360.25,58.88,248.60,461.13,1851.86
30.02,2016,2,11,1246.60,113.00,360.25,58.22,245.90,458.38,1829.08
31.24,2016,2,12,1237.10,115.55,358.75,58.76,246.50,457.38,1864.78
31.21,2016,2,16,1197.95,114.90,363.00,59.51,249.30,464.38,1895.58
32.92,2016,2,17,1233.50,114.55,367.25,59.72,253.30,468.88,1926.82
32.50,2016,2,18,1231.50,114.15,365.50,59.89,263.10,462.38,1917.83
32.08,2016,2,19,1227.85,115.75,365.50,60.13,262.60,461.88,1917.78
33.44,2016,2,22,1207.00,119.85,367.50,58.84,264.20,463.88,1945.50
31.86,2016,2,23,1227.28,117.80,362.00,57.95,261.70,455.88,1921.27
32.26,2016,2,24,1229.55,115.05,359.75,57.41,259.10,451.38,1929.80
33.02,2016,2,25,1245.80,114.65,355.50,57.77,258.00,453.12,1951.70
32.97,2016,2,26,1222.75,113.00,354.50,57.46,253.80,452.12,1948.05
33.82,2016,2,29,1228.03,112.65,353.50,56.55,254.00,452.88,1932.23
34.38,2016,3,1,1223.45,112.50,353.75,56.17,252.50,446.12,1978.35
34.90,2016,3,2,1240.10,113.35,354.50,56.11,254.80,450.12,1986.45
34.69,2016,3,3,1270.10,115.60,353.75,56.41,271.30,459.12,1993.40
36.23,2016,3,4,1258.05,118.80,354.50,57.12,275.70,461.38,1999.99
37.96,2016,3,7,1267.75,118.65,355.00,57.36,278.70,463.13,2001.76
36.25,2016,3,8,1260.00,120.20,358.75,56.95,280.60,465.13,1979.26
38.24,2016,3,9,1253.00,120.85,359.00,56.62,276.50,468.12,1989.26
39.53,2016,3,10,1279.50,120.60,362.50,56.87,277.70,476.38,1989.57
40.10,2016,3,11,1245.75,124.40,366.00,57.16,288.10,475.88,2022.19
39.06,2016,3,14,1235.60,125.60,366.75,58.22,284.10,478.62,2019.64
38.52,2016,3,15,1233.03,124.10,368.50,58.14,275.00,477.12,2015.93
40.09,2016,3,16,1259.90,127.40,368.25,58.30,297.00,470.62,2027.22
41.67,2016,3,17,1259.48,132.00,368.50,58.34,300.30,462.38,2040.59
41.16,2016,3,18,1255.38,133.85,367.00,57.11,297.10,463.38,2049.58
41.63,2016,3,21,1243.73,131.55,369.50,58.13,307.10,466.38,2051.60
39.80,2016,3,23,1223.23,131.10,368.50,58.36,303.50,463.38,2036.71
36.72,2016,4,1,1222.45,127.25,354.00,59.20,300.70,475.50,2072.78
35.96,2016,4,4,1213.90,122.80,354.50,58.94,292.60,474.50,2066.13
35.60,2016,4,5,1221.60,120.90,356.75,58.92,288.70,473.50,2045.17
37.56,2016,4,6,1226.00,121.50,358.00,58.70,293.80,463.25,2066.66
37.05,2016,4,7,1240.85,119.80,361.50,58.94,293.30,457.25,2041.91
39.29,2016,4,8,1240.60,120.45,362.25,60.05,290.50,461.50,2047.60
40.13,2016,4,11,1257.95,123.35,356.75,60.69,291.20,447.00,2041.99
41.94,2016,4,12,1253.20,124.60,362.75,61.44,296.70,453.50,2061.72
42.02,2016,4,13,1240.00,121.75,373.50,61.66,293.00,464.25,2082.42
41.74,2016,4,14,1223.88,123.15,374.00,60.66,287.90,458.50,2082.78
40.55,2016,4,15,1237.35,122.95,378.50,60.04,280.50,460.25,2080.73
39.73,2016,4,18,1231.55,124.00,381.00,62.16,276.20,472.50,2094.34
41.01,2016,4,19,1250.50,125.85,384.50,62.84,282.70,485.50,2100.80
42.55,2016,4,20,1244.30,127.15,394.75,63.94,282.60,503.00,2102.40
43.41,2016,4,21,1248.85,123.55,384.50,63.52,279.90,495.88,2091.48
43.86,2016,4,22,1227.50,122.75,371.75,64.23,281.40,467.25,2091.58
43.85,2016,4,25,1234.80,123.10,377.00,63.96,286.90,476.75,2087.79
44.01,2016,4,26,1242.60,125.25,382.25,63.86,286.20,488.25,2091.70
44.60,2016,4,27,1246.58,121.05,380.75,64.19,296.20,482.75,2095.15
46.06,2016,4,28,1266.28,120.40,387.00,63.69,300.50,485.75,2075.81
45.39,2016,4,29,1279.50,120.85,390.25,63.89,295.60,489.25,2065.30
44.68,2016,5,2,1298.70,119.10,390.25,64.36,294.50,487.12,2081.43
43.39,2016,5,3,1286.00,118.60,378.25,63.02,288.80,472.00,2063.37
43.42,2016,5,4,1270.00,119.10,373.25,62.96,291.00,473.00,2051.12
44.17,2016,5,5,1278.50,120.90,371.75,62.06,296.40,463.75,2050.63
44.69,2016,5,6,1288.70,123.45,376.00,61.94,296.50,464.50,2057.14
43.62,2016,5,9,1263.80,125.15,367.75,61.38,304.70,456.25,2058.69
44.50,2016,5,10,1266.40,126.90,378.50,61.02,308.00,462.25,2084.39
46.11,2016,5,11,1272.60,127.90,374.00,60.69,307.00,459.00,2064.46
46.56,2016,5,12,1277.30,128.20,385.25,60.73,302.90,468.00,2064.11
46.23,2016,5,13,1278.00,128.80,382.00,60.86,306.00,474.75,2046.61
47.94,2016,5,17,1280.00,131.85,397.00,62.39,323.80,481.50,2047.21
48.76,2016,5,18,1258.30,129.30,399.50,62.17,318.90,481.00,2047.63
47.95,2016,5,19,1256.10,123.95,390.00,61.17,309.40,469.25,2040.04
47.89,2016,5,20,1252.15,124.70,394.50,61.75,307.30,468.25,2052.32
48.01,2016,5,23,1250.90,122.15,397.75,61.52,298.10,462.50,2048.04
48.76,2016,5,24,1226.50,121.80,397.50,63.20,301.00,464.50,2076.06
49.29,2016,5,25,1223.50,121.40,404.75,62.88,302.90,466.25,2090.54
49.56,2016,5,26,1221.60,121.50,408.25,64.33,308.50,480.75,2090.10
49.25,2016,5,27,1207.05,121.30,412.75,64.34,309.30,481.50,2099.06
49.37,2016,5,31,1215.85,121.55,404.75,63.91,303.40,463.75,2096.95
48.82,2016,6,1,1214.30,121.90,413.75,63.22,296.50,473.50,2099.33
49.12,2016,6,2,1212.50,123.00,415.25,63.16,296.80,485.50,2105.26
48.47,2016,6,3,1244.55,127.10,418.25,63.84,301.80,497.75,2099.13
49.31,2016,6,6,1248.00,131.70,427.25,65.38,306.10,507.75,2109.41
50.13,2016,6,7,1247.00,132.20,427.75,65.97,298.90,509.50,2112.13
51.18,2016,6,8,1265.50,139.65,431.25,65.56,292.70,520.00,2119.12
50.60,2016,6,9,1269.15,133.95,426.50,65.08,302.70,509.75,2115.48
49.31,2016,6,10,1274.05,136.95,423.00,64.78,306.10,495.00,2096.07
48.71,2016,6,13,1294.50,137.30,430.00,63.83,302.10,492.00,2079.06
48.25,2016,6,14,1294.50,135.10,436.50,63.28,297.40,484.75,2075.32
48.21,2016,6,15,1291.45,138.20,429.00,62.69,297.90,478.50,2071.50
46.45,2016,6,16,1277.50,139.50,425.25,63.31,301.80,472.50,2077.99
47.57,2016,6,17,1301.35,140.75,437.75,64.50,298.00,481.50,2071.22
49.14,2016,6,20,1290.15,139.50,421.25,66.10,299.80,473.75,2083.25
48.68,2016,6,21,1264.70,138.50,396.25,64.45,298.80,458.12,2088.90
48.59,2016,6,22,1266.33,136.95,393.00,64.62,299.40,458.75,2085.45
49.74,2016,6,23,1236.30,139.25,387.25,65.47,301.30,454.00,2113.32
47.87,2016,6,24,1333.75,134.35,384.50,64.54,295.50,453.25,2037.41
46.00,2016,6,27,1324.80,134.50,385.25,64.42,294.60,459.25,2000.54
47.52,2016,6,28,1317.50,138.90,385.25,65.91,299.30,458.25,2036.09
49.50,2016,6,29,1328.70,142.85,372.75,65.97,304.10,444.25,2070.77
49.07,2016,6,30,1322.18,144.10,358.75,64.37,303.90,448.00,2098.86
48.56,2016,7,1,1342.65,144.85,353.00,65.04,309.30,430.62,2102.95
46.51,2016,7,5,1360.00,144.20,344.00,65.44,317.50,431.50,2088.55
47.43,2016,7,6,1363.90,141.95,335.75,65.53,315.10,429.50,2099.73
45.34,2016,7,7,1363.00,140.45,335.50,64.95,312.10,425.62,2097.90
45.43,2016,7,8,1366.80,142.75,349.75,65.79,312.10,435.50,2129.90
44.92,2016,7,11,1355.25,147.95,343.75,67.74,314.50,430.75,2137.16
46.67,2016,7,12,1332.50,145.95,349.75,70.75,316.60,437.50,2152.14
44.77,2016,7,13,1347.50,146.20,365.75,73.22,317.90,441.00,2152.43
45.62,2016,7,14,1335.10,150.30,362.25,73.88,323.20,433.75,2163.75
46.00,2016,7,15,1337.85,145.70,352.25,74.36,318.30,425.50,2161.74
45.19,2016,7,18,1326.00,147.80,357.00,74.00,328.30,430.25,2166.89
44.80,2016,7,19,1334.80,144.65,341.75,73.37,325.70,418.50,2163.78
44.91,2016,7,20,1310.50,147.00,337.50,72.46,327.60,412.75,2173.02
45.07,2016,7,21,1339.00,146.85,334.25,73.12,329.90,418.25,2165.17
43.86,2016,7,22,1323.18,141.90,335.00,72.84,329.10,426.12,2175.03
43.09,2016,7,25,1315.70,141.10,334.75,72.27,329.70,429.50,2168.48
42.84,2016,7,26,1316.00,141.60,332.50,74.10,330.20,414.88,2169.18
42.02,2016,7,27,1347.50,141.20,335.75,73.72,328.30,415.00,2166.58
41.10,2016,7,28,1335.50,142.15,331.25,72.97,325.70,409.12,2170.06
41.45,2016,7,29,1351.10,146.20,334.50,74.02,318.40,407.25,2173.60
39.99,2016,8,1,1352.78,143.45,325.75,74.25,314.40,406.75,2170.84
39.40,2016,8,2,1363.68,141.25,324.25,73.92,314.90,400.75,2157.03
40.80,2016,8,3,1357.90,140.40,325.00,74.27,315.00,410.00,2163.79
41.88,2016,8,4,1343.50,142.10,320.75,75.80,317.10,404.25,2164.25
41.54,2016,8,5,1336.60,142.50,324.25,76.78,322.60,415.38,2182.87
43.33,2016,8,8,1333.00,141.10,325.25,76.00,322.20,417.00,2180.89
42.79,2016,8,9,1340.70,141.10,322.25,73.06,332.20,416.50,2181.74
42.00,2016,8,10,1340.50,138.65,322.50,71.51,330.70,421.12,2175.49
43.55,2016,8,11,1337.00,137.70,321.00,72.02,322.60,416.00,2185.79
44.41,2016,8,12,1336.20,136.85,322.25,70.94,324.10,422.62,2184.05
45.65,2016,8,15,1348.10,136.95,326.50,68.81,324.60,422.62,2190.15
46.38,2016,8,16,1346.55,137.40,327.50,68.81,323.30,423.50,2178.15
46.39,2016,8,17,1348.75,135.05,330.25,68.92,323.00,426.25,2182.22
48.26,2016,8,18,1354.20,138.15,332.00,69.19,320.30,427.25,2187.02
48.34,2016,8,19,1341.50,138.80,334.25,68.06,322.30,427.50,2183.87
47.08,2016,8,22,1333.75,144.10,333.25,68.33,323.20,415.25,2182.64
48.13,2016,8,23,1338.10,145.30,328.50,68.52,325.00,407.50,2186.90
46.77,2016,8,24,1323.75,142.15,327.50,67.86,318.90,404.50,2175.44
47.04,2016,8,25,1321.70,143.50,323.50,68.09,316.90,401.38,2172.47
47.50,2016,8,26,1317.25,143.90,316.25,68.03,316.90,384.12,2169.04
47.09,2016,8,29,1327.20,144.00,311.75,67.01,312.70,397.25,2180.38
46.40,2016,8,30,1311.15,144.75,304.00,66.37,312.40,392.50,2176.12
44.65,2016,8,31,1308.95,145.90,301.50,65.59,312.70,387.50,2170.95
43.38,2016,9,1,1315.25,150.10,311.00,68.18,308.70,394.62,2170.86
44.49,2016,9,2,1327.75,150.10,316.50,67.86,302.40,399.00,2179.98
44.63,2016,9,6,1350.30,152.45,316.75,69.20,312.50,398.00,2186.48
45.38,2016,9,7,1344.95,153.85,321.00,69.40,308.30,402.50,2186.16
47.49,2016,9,8,1337.75,153.70,327.00,69.22,304.70,406.00,2181.30
46.00,2016,9,9,1328.05,149.95,330.00,69.10,307.10,403.00,2127.81
46.28,2016,9,12,1337.10,149.70,329.25,66.76,308.40,408.75,2159.04
45.09,2016,9,13,1318.50,147.35,319.25,67.09,310.00,400.00,2127.02
44.00,2016,9,14,1320.30,147.80,322.25,67.69,310.00,402.25,2125.77
44.08,2016,9,15,1314.80,147.60,330.00,67.83,298.80,399.50,2147.26
42.99,2016,9,16,1303.55,147.10,337.00,67.36,303.90,403.88,2139.16
43.42,2016,9,19,1314.20,151.50,337.25,68.37,305.60,404.00,2139.12
43.54,2016,9,20,1315.10,155.50,340.50,70.69,306.30,405.75,2139.76
45.16,2016,9,21,1342.20,156.55,340.00,71.49,315.40,408.25,2163.12
46.38,2016,9,22,1343.20,155.25,336.75,71.68,325.40,405.75,2177.18
44.50,2016,9,23,1343.20,151.40,336.50,70.13,327.10,405.25,2164.69
46.06,2016,9,26,1337.95,153.55,329.00,70.01,327.10,396.00,2146.10
44.51,2016,9,27,1326.40,153.70,331.75,69.72,326.20,404.25,2159.93
45.99,2016,9,28,1321.95,153.10,329.25,68.71,325.60,403.38,2171.37
47.69,2016,9,29,1315.80,150.15,329.25,67.69,330.10,399.00,2151.13
48.08,2016,9,30,1312.00,151.55,336.75,68.06,336.40,401.75,2168.27
48.84,2016,10,4,1266.25,147.45,348.25,69.66,330.30,395.75,2150.49
49.83,2016,10,5,1263.00,148.20,347.75,67.72,331.70,405.50,2159.73
50.36,2016,10,6,1254.70,146.40,340.50,67.53,336.00,395.25,2160.77
49.81,2016,10,7,1240.25,148.00,339.75,66.97,343.10,395.00,2153.74
51.35,2016,10,10,1253.10,152.85,343.25,67.36,342.30,404.25,2163.66
50.66,2016,10,11,1245.25,150.80,345.50,67.17,332.30,407.25,2136.73
50.20,2016,10,12,1262.35,152.10,337.00,68.97,334.60,397.50,2139.18
50.50,2016,10,13,1260.25,152.70,349.50,69.34,328.00,416.50,2132.55
50.08,2016,10,14,1250.55,155.40,354.25,70.62,323.40,420.75,2132.98
49.77,2016,10,17,1254.00,157.10,354.00,71.23,315.00,424.25,2126.50
50.17,2016,10,18,1265.25,158.75,353.75,71.00,310.70,419.50,2139.60
51.71,2016,10,19,1272.25,157.85,357.50,71.09,315.10,420.00,2144.29
50.45,2016,10,20,1263.63,155.90,351.00,69.83,309.60,417.00,2141.34
50.74,2016,10,21,1266.75,156.10,352.50,69.08,308.00,414.50,2141.16
50.02,2016,10,24,1255.55,157.90,348.25,68.92,307.10,403.50,2151.33
50.13,2016,10,25,1276.75,164.50,349.25,68.50,307.10,404.75,2143.16
49.11,2016,10,26,1265.75,163.70,354.00,69.36,307.20,411.75,2139.43
49.82,2016,10,27,1265.75,164.80,357.50,69.75,305.10,415.00,2133.04
48.61,2016,10,28,1284.25,165.50,355.00,70.87,300.00,408.00,2126.41
46.75,2016,10,31,1276.70,164.15,354.75,68.87,298.20,415.25,2126.15
46.79,2016,11,1,1289.05,161.45,349.00,68.22,299.00,414.00,2111.72
45.51,2016,11,2,1298.10,162.90,346.25,68.60,296.10,418.50,2097.94
44.73,2016,11,3,1303.05,165.65,348.00,68.19,299.40,411.50,2088.66
44.11,2016,11,4,1304.25,171.35,348.75,68.50,299.90,414.25,2085.18
44.69,2016,11,7,1279.25,174.35,346.25,68.47,299.30,408.50,2131.52
45.21,2016,11,8,1271.25,167.50,354.25,68.78,297.60,414.50,2139.56
45.35,2016,11,9,1270.55,170.10,340.75,68.30,302.90,407.75,2163.26
44.85,2016,11,10,1246.95,161.85,343.50,69.27,302.10,405.00,2167.48
43.44,2016,11,11,1227.60,159.45,340.25,68.63,304.90,402.00,2164.45
43.53,2016,11,14,1221.10,161.80,337.25,68.97,294.00,394.00,2164.20
45.49,2016,11,15,1228.70,161.80,341.50,70.75,290.00,399.00,2180.39
45.80,2016,11,16,1224.15,161.25,338.50,71.86,315.60,397.00,2176.94
45.52,2016,11,17,1222.78,159.30,342.00,73.46,323.10,403.25,2187.12
45.33,2016,11,18,1208.55,157.85,345.50,73.24,320.70,408.75,2181.90
47.63,2016,11,21,1207.25,158.65,349.75,72.34,321.50,410.75,2198.18
47.60,2016,11,22,1212.30,157.25,351.00,72.19,322.50,406.25,2202.94
48.09,2016,11,23,1193.38,154.65,350.75,71.75,324.40,401.50,2204.72
45.92,2016,11,25,1182.25,152.30,349.25,71.19,334.40,396.75,2213.35
47.14,2016,11,28,1194.75,153.00,348.50,72.10,337.90,418.00,2201.72
45.39,2016,11,29,1187.75,149.90,336.75,71.22,330.30,408.25,2204.66
49.82,2016,11,30,1168.55,147.50,336.75,71.60,329.80,403.00,2198.81
51.46,2016,12,1,1161.00,141.80,331.75,70.82,331.10,395.75,2191.08
51.51,2016,12,2,1177.50,141.20,337.50,71.05,337.20,403.00,2191.95
51.89,2016,12,5,1178.85,140.20,349.50,71.05,332.90,408.50,2204.71
50.86,2016,12,6,1178.75,137.95,351.00,71.41,331.40,407.00,2212.23
50.23,2016,12,7,1173.95,137.90,350.50,71.19,328.70,401.25,2241.35
50.70,2016,12,8,1170.75,137.60,346.50,71.48,322.80,407.75,2246.19
51.40,2016,12,9,1160.35,135.55,352.50,70.72,317.30,416.00,2259.53
53.19,2016,12,12,1162.45,138.05,354.50,71.75,316.30,416.75,2256.96
52.98,2016,12,13,1158.25,138.90,356.25,72.00,315.50,418.00,2271.72
51.04,2016,12,14,1140.25,140.25,351.75,71.52,316.00,418.25,2253.28
50.90,2016,12,15,1128.20,138.30,356.50,71.59,313.50,409.00,2262.03
51.90,2016,12,16,1131.25,138.20,356.25,70.96,309.30,408.75,2258.07
52.12,2016,12,19,1144.75,141.20,353.25,69.56,306.40,405.25,2262.53
53.30,2016,12,20,1132.05,143.85,350.25,69.34,310.90,403.00,2270.76
52.49,2016,12,21,1131.25,144.55,347.25,70.26,308.80,399.50,2265.18
52.95,2016,12,22,1128.78,139.10,347.25,70.12,308.10,396.75,2260.96
53.02,2016,12,23,1133.95,136.15,345.75,69.88,307.70,394.38,2263.79
53.90,2016,12,27,1138.85,134.20,355.00,69.84,305.40,410.00,2268.88
54.06,2016,12,28,1141.58,133.50,348.25,69.83,310.00,401.75,2249.92
53.77,2016,12,29,1157.90,135.45,349.75,70.52,311.70,404.75,2249.26
53.72,2016,12,30,1141.25,137.05,352.00,70.69,316.60,407.75,2238.83
52.33,2017,1,3,1158.98,137.40,355.75,71.75,315.40,406.38,2257.83
53.26,2017,1,4,1168.88,141.80,359.75,73.47,314.90,418.00,2270.75
53.76,2017,1,5,1179.88,143.75,361.25,73.81,315.30,425.50,2269.00
53.99,2017,1,6,1169.75,142.85,358.00,73.94,312.90,423.00,2276.98
51.96,2017,1,9,1188.75,144.20,360.00,73.01,304.80,427.25,2268.90
50.82,2017,1,10,1189.25,147.70,358.25,73.08,306.70,427.00,2268.90
52.25,2017,1,11,1179.03,149.00,357.25,73.17,310.60,419.00,2275.32
52.37,2017,1,13,1197.45,149.30,358.50,72.25,316.00,426.25,2274.64
52.48,2017,1,17,1216.85,149.90,365.50,72.14,334.70,432.75,2267.89
51.08,2017,1,18,1220.08,149.20,365.00,72.27,326.80,431.00,2271.89
51.37,2017,1,19,1213.75,150.75,366.25,72.78,325.60,423.50,2263.69
52.75,2017,1,23,1219.45,155.40,369.50,74.75,321.50,433.00,2265.20
53.18,2017,1,24,1215.35,152.35,363.25,73.50,320.80,427.75,2280.07
52.75,2017,1,25,1203.75,152.90,366.25,73.88,328.70,424.25,2298.37
53.78,2017,1,26,1180.63,151.45,363.75,74.25,332.00,426.12,2296.68
53.17,2017,1,27,1191.18,152.40,362.50,74.90,328.40,421.75,2294.69
52.63,2017,1,30,1197.75,151.15,357.75,74.10,324.20,414.25,2280.90
52.81,2017,1,31,1215.35,149.55,359.75,74.97,330.00,421.00,2278.87
53.88,2017,2,1,1214.75,150.15,368.25,76.39,337.90,432.75,2279.55
53.54,2017,2,2,1224.05,145.95,367.50,76.84,347.90,435.25,2280.85
53.83,2017,2,3,1220.20,146.25,365.25,76.34,350.60,430.88,2297.42
53.01,2017,2,6,1235.83,144.20,363.75,75.66,360.10,423.50,2292.56
52.17,2017,2,7,1233.75,142.60,368.50,75.10,361.90,430.00,2293.08
52.34,2017,2,8,1242.38,142.90,370.75,75.23,371.90,432.75,2294.67
53.00,2017,2,9,1226.33,145.20,369.50,75.66,375.40,443.50,2307.87
53.86,2017,2,10,1233.58,145.75,374.50,75.84,370.50,449.75,2316.10
52.93,2017,2,13,1226.95,144.25,375.50,76.70,365.40,451.50,2328.25
53.20,2017,2,14,1228.68,143.65,374.25,76.42,365.40,449.75,2337.58
53.36,2017,2,16,1239.35,146.30,373.50,75.03,361.30,447.75,2347.22
53.40,2017,2,17,1235.03,147.80,368.25,73.41,363.30,441.25,2351.16
54.33,2017,2,21,1235.95,150.35,369.25,75.68,361.30,437.00,2365.38
53.59,2017,2,22,1237.60,149.20,371.00,75.47,363.70,441.00,2362.82
54.45,2017,2,23,1249.30,147.85,365.50,76.13,362.90,437.00,2363.81
53.99,2017,2,24,1256.98,144.40,364.00,76.59,367.50,433.00,2367.34
54.05,2017,2,27,1247.25,139.10,360.25,76.12,373.50,438.75,2369.75
54.01,2017,2,28,1248.38,140.70,366.75,76.31,366.40,443.75,2363.64
53.83,2017,3,1,1249.75,142.65,375.75,77.91,361.50,457.25,2395.96
52.61,2017,3,2,1234.65,142.20,372.75,76.84,355.70,453.50,2381.92
53.33,2017,3,3,1234.78,141.25,374.75,77.94,357.00,454.25,2383.12
53.20,2017,3,6,1228.05,139.65,372.75,79.20,356.90,458.75,2375.31
53.14,2017,3,7,1212.95,139.00,369.50,78.02,360.90,456.25,2368.39
50.28,2017,3,8,1205.25,140.05,365.25,78.15,356.70,447.50,2362.98
49.28,2017,3,9,1200.90,138.75,359.75,77.84,348.60,443.75,2364.87
48.49,2017,3,10,1204.80,139.65,358.00,77.30,345.50,442.00,2372.60
48.40,2017,3,13,1202.63,140.50,354.50,76.84,345.00,430.75,2373.47
47.72,2017,3,14,1199.03,139.60,353.75,77.16,346.20,431.00,2365.45
48.86,2017,3,15,1218.88,139.20,363.50,78.14,340.90,436.00,2385.26
48.75,2017,3,16,1227.08,139.75,366.00,78.09,363.50,436.75,2381.38
48.78,2017,3,17,1229.15,140.80,367.50,78.38,361.80,436.75,2378.25
48.22,2017,3,20,1234.38,144.00,363.50,77.38,371.00,430.75,2373.47
48.24,2017,3,21,1245.88,143.50,361.25,76.81,370.20,426.50,2344.02
48.04,2017,3,22,1247.48,141.70,358.75,77.38,373.30,422.25,2348.45
47.70,2017,3,23,1244.88,140.50,356.75,77.37,376.70,421.25,2345.96
47.97,2017,3,24,1254.98,137.60,356.25,77.47,376.60,424.25,2343.98
47.73,2017,3,27,1257.45,139.20,355.75,77.00,372.60,421.25,2341.59
48.37,2017,3,28,1256.15,138.85,357.75,76.93,369.20,424.75,2358.57
49.51,2017,3,29,1252.45,139.30,358.50,76.12,369.20,425.50,2361.13
50.35,2017,3,30,1256.25,139.30,357.50,76.22,375.40,420.75,2368.06
50.60,2017,3,31,1249.13,139.30,364.25,77.33,381.40,425.75,2362.72
50.24,2017,4,3,1258.25,137.85,367.75,75.50,374.00,429.25,2358.84
51.03,2017,4,4,1253.75,137.75,363.00,74.81,373.10,427.25,2360.16
51.15,2017,4,5,1255.30,137.30,364.75,74.87,379.60,430.25,2352.95
51.70,2017,4,6,1253.55,137.75,360.75,74.58,389.60,423.00,2357.49
52.24,2017,4,7,1254.05,140.05,359.50,73.50,399.60,423.62,2355.54
53.08,2017,4,10,1254.73,139.85,367.00,75.21,393.80,428.75,2357.16
53.40,2017,4,11,1276.75,140.20,366.50,74.92,403.50,434.12,2353.78
53.11,2017,4,12,1286.60,138.30,369.00,74.72,393.50,433.38,2344.93
53.18,2017,4,13,1299.75,138.90,371.00,75.69,385.00,429.75,2328.95
52.65,2017,4,17,1284.80,141.10,366.50,77.14,386.70,421.25,2349.01
52.41,2017,4,18,1289.65,142.90,361.75,76.91,385.00,422.25,2342.19
50.44,2017,4,19,1281.40,138.00,361.75,77.72,387.40,418.50,2338.17
50.27,2017,4,20,1286.75,131.65,357.75,80.24,388.80,406.75,2355.84
49.62,2017,4,21,1285.00,129.85,357.00,79.49,398.50,405.75,2348.69
49.23,2017,4,24,1278.00,129.50,359.25,78.78,395.10,419.00,2374.15
49.56,2017,4,25,1263.75,129.90,365.00,79.38,385.10,427.25,2388.61
49.62,2017,4,26,1272.25,128.15,359.00,79.13,377.20,426.00,2387.45
48.97,2017,4,27,1268.25,127.10,362.00,77.95,377.70,431.50,2388.77
49.33,2017,4,28,1268.15,131.05,358.00,78.77,379.80,432.62,2384.20
48.84,2017,5,1,1256.80,133.60,369.25,78.95,388.30,456.00,2388.33
47.66,2017,5,2,1254.60,134.00,364.00,79.16,385.20,454.50,2391.17
47.82,2017,5,3,1238.38,135.00,366.25,78.81,383.60,453.50,2388.13
45.52,2017,5,4,1227.75,132.70,358.00,78.95,388.50,438.25,2389.52
46.22,2017,5,5,1221.20,133.10,361.75,77.81,383.00,443.00,2399.29
46.43,2017,5,8,1222.30,134.55,356.75,77.27,381.20,434.00,2399.38
45.88,2017,5,9,1210.70,132.80,358.25,77.42,379.70,429.75,2396.92
47.33,2017,5,10,1219.15,134.30,365.25,76.40,368.40,431.75,2399.63
47.83,2017,5,11,1213.05,131.90,360.50,79.15,375.50,433.50,2394.44
47.84,2017,5,12,1233.25,132.60,361.75,82.13,374.80,432.75,2390.90
48.85,2017,5,15,1230.73,131.25,367.75,85.57,387.50,424.25,2402.32
48.66,2017,5,16,1241.75,129.25,367.75,81.48,371.70,425.00,2400.67
49.07,2017,5,17,1260.73,132.20,371.50,80.30,373.70,427.50,2357.03
49.35,2017,5,18,1245.95,127.40,366.00,79.25,367.70,426.00,2365.72
50.33,2017,5,19,1255.55,132.10,372.50,79.44,363.00,435.50,2381.73
50.73,2017,5,22,1260.45,130.60,375.00,78.44,363.30,434.75,2394.02
51.47,2017,5,23,1251.15,130.25,369.50,77.22,362.70,429.12,2398.42
51.36,2017,5,24,1258.20,128.55,371.25,77.45,361.60,432.50,2404.39
48.90,2017,5,25,1249.00,129.30,369.25,77.25,353.00,430.75,2415.07
49.80,2017,5,26,1267.05,131.20,374.25,77.17,354.20,438.75,2415.82
49.66,2017,5,30,1269.50,132.10,367.00,77.33,346.80,429.38,2412.91
48.32,2017,5,31,1275.50,129.35,372.00,76.93,345.10,429.50,2411.80
48.36,2017,6,1,1265.65,127.70,370.50,77.57,353.20,429.25,2430.06
47.66,2017,6,2,1279.98,125.55,372.75,76.69,353.50,429.25,2439.07
47.40,2017,6,5,1279.95,128.45,373.00,76.41,351.60,429.50,2436.10
48.19,2017,6,6,1298.75,125.55,377.25,76.09,355.00,435.75,2429.33
45.72,2017,6,7,1286.93,125.75,384.75,75.84,357.90,444.75,2433.14
45.64,2017,6,8,1278.65,126.35,385.75,76.45,363.60,449.75,2433.79
45.83,2017,6,9,1266.40,126.55,387.75,75.66,364.40,445.75,2431.77
46.08,2017,6,12,1263.25,127.60,377.25,75.12,370.20,434.00,2429.39
46.46,2017,6,13,1265.85,126.40,381.00,74.50,368.90,444.50,2440.35
44.73,2017,6,14,1281.45,125.55,377.00,73.50,368.00,443.12,2437.92
44.46,2017,6,15,1254.00,125.80,379.50,72.00,365.50,454.75,2432.46
44.74,2017,6,16,1253.63,123.55,384.00,71.91,363.40,466.00,2433.15
44.20,2017,6,19,1243.25,124.20,375.25,71.33,368.20,467.75,2453.46
43.23,2017,6,20,1240.25,121.95,370.00,71.28,363.60,471.75,2437.03
42.53,2017,6,21,1246.55,119.35,368.75,71.01,360.10,464.75,2435.61
42.74,2017,6,22,1259.93,113.45,362.75,71.09,363.00,461.00,2434.50
43.01,2017,6,23,1256.90,119.95,357.75,72.99,363.70,460.00,2438.30
43.38,2017,6,26,1244.45,121.95,359.00,67.48,360.90,466.25,2439.07
44.24,2017,6,27,1244.75,122.75,359.25,67.53,353.60,469.00,2419.38
44.74,2017,6,28,1249.33,122.75,356.75,67.62,358.80,473.25,2440.69
44.93,2017,6,29,1245.73,124.75,359.75,67.21,366.00,495.88,2419.70
46.04,2017,6,30,1241.60,124.05,370.50,68.65,365.90,525.75,2423.41
47.07,2017,7,3,1218.15,125.85,378.00,67.87,367.00,554.38,2429.01
45.13,2017,7,5,1226.95,127.65,381.75,67.56,364.80,558.75,2432.54
45.52,2017,7,6,1225.15,126.75,380.25,68.17,362.30,538.62,2409.75
44.23,2017,7,7,1207.25,126.55,382.25,68.43,365.50,535.25,2425.18
44.40,2017,7,10,1206.35,126.25,391.75,67.29,379.90,550.50,2427.43
45.04,2017,7,11,1217.70,124.45,392.25,67.59,388.80,553.25,2425.53
45.49,2017,7,12,1218.75,126.00,376.25,67.15,394.00,536.50,2443.25
46.08,2017,7,13,1209.45,129.35,361.00,66.38,392.00,511.62,2447.83
46.54,2017,7,14,1250.88,131.70,365.25,66.58,403.00,510.75,2459.27
46.02,2017,7,17,1237.75,131.55,375.00,67.72,387.30,506.50,2459.14
46.40,2017,7,18,1249.75,131.90,377.00,68.10,385.50,504.75,2460.61
47.12,2017,7,19,1240.88,131.20,382.50,68.11,388.80,503.62,2473.83
46.79,2017,7,20,1247.75,135.00,391.00,68.97,388.60,505.62,2473.45
45.77,2017,7,21,1254.90,136.55,379.75,68.30,386.70,499.50,2472.54
46.34,2017,7,24,1262.75,132.55,377.25,68.28,378.90,488.88,2469.91
47.89,2017,7,25,1249.05,130.60,368.75,68.84,377.20,475.12,2477.13
48.75,2017,7,26,1261.10,134.80,372.75,68.41,377.50,478.00,2477.83
49.04,2017,7,27,1259.00,135.95,374.25,68.81,381.40,480.75,2475.42
49.71,2017,7,28,1269.25,137.85,374.25,68.78,377.70,481.25,2472.10
50.17,2017,7,31,1269.55,139.25,370.75,68.93,378.30,474.25,2470.30
49.16,2017,8,1,1269.05,137.85,362.50,69.31,380.90,461.50,2476.35
49.59,2017,8,2,1266.70,140.35,365.00,70.25,384.70,461.00,2477.57
49.03,2017,8,3,1268.65,140.20,363.50,70.16,383.80,457.50,2472.16
49.58,2017,8,4,1258.60,140.15,366.50,70.58,373.80,455.00,2476.83
49.39,2017,8,7,1257.70,142.05,372.25,70.52,367.60,463.75,2480.91
49.17,2017,8,8,1261.50,142.75,369.75,71.16,368.00,457.00,2474.92
49.56,2017,8,9,1277.58,142.65,372.25,71.16,368.00,459.75,2474.02
48.59,2017,8,10,1285.20,138.50,357.25,68.88,365.50,440.25,2438.21
48.82,2017,8,11,1289.20,140.30,360.75,68.19,365.40,439.25,2441.32
47.59,2017,8,14,1281.50,136.95,362.75,67.75,370.30,440.50,2465.84
47.55,2017,8,15,1272.25,132.00,355.25,67.20,373.60,430.00,2464.61
46.78,2017,8,16,1282.80,130.95,352.50,66.85,370.30,419.25,2468.11
47.09,2017,8,17,1287.50,128.45,350.50,66.86,371.30,414.00,2430.01
48.51,2017,8,18,1284.50,128.05,352.00,67.19,366.30,416.25,2425.55
47.37,2017,8,21,1291.23,126.40,349.00,67.41,365.30,410.00,2428.37
47.64,2017,8,22,1284.73,125.85,346.00,67.90,367.60,403.00,2452.51
48.41,2017,8,23,1290.75,126.25,342.00,68.90,365.90,403.12,2444.04
47.43,2017,8,24,1287.50,126.70,342.00,69.81,373.90,409.25,2438.97
47.87,2017,8,25,1291.25,130.20,338.75,68.11,372.00,410.00,2443.05
46.57,2017,8,28,1312.30,129.90,336.00,69.83,380.10,428.75,2444.24
46.44,2017,8,29,1300.80,127.30,333.50,69.93,376.30,429.50,2446.30
45.96,2017,8,30,1304.50,126.95,329.50,70.83,380.00,429.75,2457.59
47.23,2017,8,31,1321.20,128.15,342.25,71.00,385.70,435.50,2471.65
47.29,2017,9,1,1324.85,127.75,340.00,71.74,386.80,438.88,2476.55
48.66,2017,9,5,1342.50,126.50,344.25,74.88,396.40,443.50,2457.85
49.16,2017,9,6,1333.50,126.60,347.00,74.53,390.00,445.75,2465.54
49.09,2017,9,7,1345.70,127.90,341.75,74.31,394.30,437.50,2465.10
47.48,2017,9,8,1346.70,129.40,344.25,74.51,399.50,437.75,2461.43
48.07,2017,9,11,1327.50,130.60,345.50,72.22,391.80,434.50,2488.11
48.23,2017,9,12,1331.93,133.80,340.00,69.15,395.00,442.50,2496.48
49.30,2017,9,13,1323.25,136.60,338.50,69.30,398.40,444.50,2498.37
49.89,2017,9,14,1329.83,135.85,341.75,69.17,409.20,442.00,2495.62
49.89,2017,9,15,1319.63,140.00,354.75,68.97,395.20,448.75,2500.23
49.91,2017,9,18,1307.65,138.95,351.50,69.41,379.20,444.00,2503.87
49.48,2017,9,19,1315.50,133.95,348.25,69.37,381.80,442.75,2506.65
50.41,2017,9,20,1302.00,136.55,350.00,69.31,390.00,449.50,2508.24
50.55,2017,9,21,1286.00,135.00,350.25,68.22,388.40,452.75,2500.60
50.66,2017,9,22,1297.38,134.45,353.50,68.53,393.10,449.50,2502.22
52.22,2017,9,25,1310.55,131.55,353.75,69.47,390.00,454.00,2496.66
51.88,2017,9,26,1293.90,132.25,352.25,68.83,388.90,453.50,2496.84
52.14,2017,9,27,1283.50,129.35,354.00,68.72,393.50,461.50,2507.04
51.56,2017,9,28,1289.88,128.50,352.50,68.99,402.40,454.75,2510.06
51.67,2017,9,29,1278.50,128.05,355.25,68.42,402.20,448.25,2519.36
50.58,2017,10,2,1273.50,127.20,351.50,67.60,406.80,444.75,2529.12
50.42,2017,10,3,1268.50,125.45,349.50,67.55,410.40,448.50,2534.58
49.98,2017,10,4,1274.70,125.15,348.25,68.92,408.80,442.50,2537.74
50.79,2017,10,5,1267.50,127.20,349.50,68.23,408.90,441.25,2552.07
49.29,2017,10,6,1276.53,130.00,350.00,68.67,412.10,444.00,2549.33
49.58,2017,10,9,1286.60,130.95,349.50,68.97,413.70,436.00,2544.73
50.92,2017,10,10,1287.85,131.00,349.25,68.91,407.30,435.88,2550.64
51.30,2017,10,11,1298.88,126.80,346.00,68.72,409.20,433.50,2555.24
50.60,2017,10,12,1296.50,126.35,349.00,67.88,417.20,430.25,2550.93
51.45,2017,10,13,1304.88,126.45,352.75,68.68,424.30,439.75,2553.17
51.87,2017,10,16,1295.10,123.75,350.50,67.65,429.80,436.25,2557.64
51.88,2017,10,17,1283.00,124.15,350.00,67.80,428.50,434.75,2559.36
52.04,2017,10,18,1281.18,124.30,348.50,67.71,423.70,430.00,2561.26
51.29,2017,10,19,1291.55,126.85,349.00,67.35,426.70,432.75,2562.10
51.47,2017,10,20,1280.73,125.25,344.50,66.84,427.50,425.88,2575.21
51.90,2017,10,23,1282.50,124.35,351.25,69.72,435.60,437.25,2564.98
52.47,2017,10,24,1274.50,123.20,352.75,69.57,440.60,437.75,2569.13
52.18,2017,10,25,1281.50,124.10,351.00,69.20,439.70,435.00,2557.15
52.64,2017,10,26,1267.50,124.55,350.50,68.16,440.90,431.75,2560.40
53.90,2017,10,27,1275.10,126.60,348.75,68.23,450.90,427.00,2581.07
54.15,2017,10,30,1276.33,125.90,348.75,68.69,448.40,425.25,2572.83
54.38,2017,10,31,1270.68,125.10,345.75,68.55,458.40,418.50,2575.26
54.30,2017,11,1,1276.03,122.95,348.25,68.28,466.40,418.50,2579.36
54.54,2017,11,2,1277.53,126.40,350.50,69.10,449.00,425.75,2579.85
55.64,2017,11,3,1269.85,123.95,348.25,68.66,449.00,425.25,2587.84
57.35,2017,11,6,1283.50,125.55,348.00,68.79,461.60,431.00,2591.13
57.20,2017,11,7,1275.30,124.70,347.75,68.16,464.80,427.00,2590.64
56.81,2017,11,8,1281.45,125.75,348.25,68.75,461.80,426.50,2594.38
57.17,2017,11,9,1277.00,126.40,341.50,68.34,462.70,428.75,2584.62
56.74,2017,11,10,1275.73,127.55,343.50,69.07,471.00,431.75,2582.30
56.76,2017,11,13,1278.25,127.60,342.25,68.92,467.40,423.75,2584.84
55.70,2017,11,14,1282.60,127.05,337.50,68.64,473.00,428.00,2578.87
55.33,2017,11,15,1278.40,126.75,338.25,68.86,500.00,419.25,2564.62
55.14,2017,11,16,1275.83,126.70,336.50,69.27,449.70,421.50,2585.64
56.55,2017,11,17,1294.20,123.80,343.00,69.88,439.70,427.75,2578.85
56.09,2017,11,20,1274.23,122.90,345.00,70.81,429.70,422.12,2582.14
56.83,2017,11,21,1280.53,123.85,345.00,70.07,431.30,424.50,2599.03
58.02,2017,11,22,1284.10,124.55,345.25,71.19,427.50,422.25,2597.08
58.95,2017,11,24,1287.88,124.80,342.25,71.94,420.70,416.00,2602.42
58.11,2017,11,27,1294.35,125.55,338.75,71.44,416.20,409.12,2601.42
57.99,2017,11,28,1298.98,127.45,336.25,72.23,426.20,429.50,2627.04
57.30,2017,11,29,1278.93,129.60,339.00,73.41,421.80,434.75,2626.07
57.40,2017,11,30,1274.83,126.30,341.75,72.78,427.70,434.38,2647.58
58.36,2017,12,1,1280.53,127.55,344.75,73.22,435.40,438.75,2642.22
57.47,2017,12,4,1276.18,126.75,339.50,72.60,432.50,435.25,2639.44
57.62,2017,12,5,1262.50,125.95,339.75,72.56,422.50,432.00,2629.57
55.96,2017,12,6,1264.50,124.85,339.25,72.71,424.40,425.50,2629.27
56.69,2017,12,7,1244.50,120.85,338.75,74.18,425.90,421.25,2636.98
57.36,2017,12,8,1238.60,120.60,340.00,73.72,429.70,419.00,2651.50
57.99,2017,12,11,1242.18,119.00,336.50,72.84,429.90,413.25,2659.99
57.14,2017,12,12,1245.85,117.05,335.75,73.04,423.50,411.25,2664.11
56.60,2017,12,13,1255.70,118.95,336.75,74.16,421.10,417.25,2662.85
57.04,2017,12,14,1251.50,119.15,336.25,75.31,430.70,417.75,2652.01
57.30,2017,12,15,1245.30,116.95,347.50,75.86,431.90,418.00,2675.81
57.16,2017,12,18,1261.73,118.55,347.00,75.23,434.90,420.75,2690.16
57.46,2017,12,19,1259.30,121.75,347.50,75.04,431.20,420.00,2681.47
58.09,2017,12,20,1263.10,123.15,349.25,75.72,430.60,423.00,2679.25
58.36,2017,12,21,1266.68,122.25,351.25,77.63,440.60,427.00,2684.57
58.47,2017,12,22,1275.25,120.40,352.00,77.90,450.60,424.75,2683.34
59.97,2017,12,26,1282.50,122.20,352.75,77.56,452.00,422.25,2680.50
59.64,2017,12,27,1287.08,124.50,353.75,78.96,450.60,427.25,2682.62
59.84,2017,12,28,1292.60,124.80,352.00,78.78,447.10,426.75,2687.54
60.42,2017,12,29,1302.80,126.20,350.75,78.47,448.00,427.50,2673.61
60.37,2018,1,2,1316.50,130.20,353.25,77.72,453.00,434.25,2695.81
61.63,2018,1,3,1318.88,128.60,353.00,78.09,455.70,435.00,2713.06
62.01,2018,1,4,1327.88,129.55,351.00,79.20,456.80,433.50,2723.99
61.44,2018,1,5,1319.58,128.45,351.25,77.94,461.30,431.00,2743.15
61.73,2018,1,8,1320.98,125.15,347.25,78.27,462.00,427.00,2747.71
62.96,2018,1,9,1311.50,125.15,349.00,78.38,471.50,431.75,2751.29
63.57,2018,1,10,1310.33,123.95,349.00,79.62,480.20,434.00,2748.23
63.80,2018,1,11,1325.78,122.80,348.75,82.65,494.40,433.75,2767.56
64.30,2018,1,12,1335.50,122.25,346.25,81.57,472.00,420.75,2786.24
63.73,2018,1,16,1338.70,120.45,348.25,81.28,474.70,416.25,2776.42
63.97,2018,1,17,1337.88,123.10,353.00,82.10,476.40,421.50,2802.56
63.95,2018,1,18,1324.70,121.10,351.50,82.66,479.50,424.75,2798.03
63.37,2018,1,19,1331.60,121.25,352.50,83.43,480.00,423.25,2810.30
63.49,2018,1,22,1333.98,122.55,352.00,83.40,474.80,425.50,2832.97
64.47,2018,1,23,1341.00,120.95,351.25,82.20,471.90,421.75,2839.13
65.61,2018,1,24,1358.50,122.50,356.50,82.31,472.90,432.50,2837.54
65.51,2018,1,25,1347.50,123.65,355.25,81.88,478.00,434.25,2839.25
66.14,2018,1,26,1351.88,125.15,356.50,80.53,487.30,442.25,2872.87
65.56,2018,1,29,1336.63,124.95,358.75,78.44,477.80,449.00,2853.53
64.50,2018,1,30,1338.73,122.30,361.50,77.13,467.80,458.00,2822.43
64.73,2018,1,31,1345.00,121.85,361.50,77.19,470.90,451.50,2823.81
65.80,2018,2,1,1348.63,121.40,361.75,78.31,475.10,451.25,2821.98
65.45,2018,2,2,1335.50,120.40,361.50,77.37,483.70,447.00,2762.13
64.15,2018,2,5,1331.00,119.80,358.75,76.62,477.90,442.00,2648.94
63.39,2018,2,6,1316.65,122.85,363.50,76.31,484.00,446.75,2695.14
61.79,2018,2,7,1310.60,123.30,365.25,76.06,493.70,461.00,2681.66
61.15,2018,2,8,1313.78,122.85,365.75,76.97,491.90,456.50,2581.00
59.20,2018,2,9,1316.25,121.85,362.00,76.75,483.00,449.25,2619.55
59.29,2018,2,12,1322.73,121.40,367.00,76.37,485.50,464.25,2656.00
59.19,2018,2,13,1329.18,122.75,366.75,76.17,491.50,459.25,2662.94
60.73,2018,2,14,1333.13,122.80,367.25,75.60,500.60,454.75,2698.63
61.34,2018,2,15,1359.88,121.75,367.75,75.39,500.70,461.50,2731.20
61.68,2018,2,16,1345.50,117.95,367.50,75.62,507.80,458.00,2732.22
61.90,2018,2,20,1325.05,118.20,365.50,79.07,516.80,449.25,2716.26
61.68,2018,2,21,1323.50,116.95,365.75,80.29,526.40,447.50,2701.33
62.77,2018,2,22,1331.98,119.60,366.75,79.51,522.70,450.75,2703.96
63.55,2018,2,23,1328.95,119.45,366.25,81.42,526.80,452.00,2747.30
63.91,2018,2,26,1332.10,120.50,368.50,82.12,523.00,473.75,2779.60
63.01,2018,2,27,1311.13,119.95,370.50,82.38,523.00,477.50,2744.28
61.64,2018,2,28,1320.00,121.05,374.50,82.88,516.60,492.50,2713.83
60.99,2018,3,1,1317.18,122.45,378.75,81.72,513.00,516.00,2677.67
61.25,2018,3,2,1322.50,120.35,377.25,82.15,515.50,499.00,2691.25
62.57,2018,3,5,1320.35,119.20,378.25,84.86,511.90,507.00,2720.94
62.60,2018,3,6,1338.58,119.95,379.75,82.49,510.00,506.00,2728.12
61.15,2018,3,7,1324.50,119.30,379.25,83.03,497.50,497.50,2726.80
60.12,2018,3,8,1322.10,119.00,385.75,84.95,491.50,499.25,2738.97
62.04,2018,3,9,1323.50,118.85,383.00,84.47,505.00,490.25,2786.57
61.36,2018,3,12,1323.43,118.15,384.25,83.21,513.30,490.00,2783.02
60.71,2018,3,13,1326.13,120.45,385.50,83.05,517.20,486.25,2765.31
60.96,2018,3,14,1323.83,119.95,383.50,83.34,516.20,489.50,2749.48
61.19,2018,3,15,1316.43,117.65,386.75,83.58,530.00,479.50,2747.33
62.34,2018,3,16,1313.85,116.95,382.75,82.81,489.10,468.00,2752.01
62.06,2018,3,19,1317.13,118.35,375.00,81.27,486.60,452.25,2712.92
63.40,2018,3,20,1311.53,118.95,374.50,83.00,489.70,453.25,2716.94
65.17,2018,3,21,1331.73,118.85,375.00,82.70,482.80,454.25,2711.93
64.30,2018,3,22,1330.88,119.00,376.00,82.16,484.80,456.50,2643.69
65.88,2018,3,23,1347.08,117.20,377.25,81.80,487.60,460.00,2588.26
65.55,2018,3,26,1353.50,118.15,374.00,81.76,497.10,454.25,2658.55
65.25,2018,3,27,1344.73,118.95,374.00,82.02,507.00,449.00,2612.62
64.38,2018,3,28,1325.00,117.75,373.50,80.80,507.10,446.50,2605.00
64.94,2018,3,29,1320.83,118.15,387.75,81.58,515.70,451.75,2640.87
63.01,2018,4,2,1338.90,116.40,387.25,81.03,512.70,448.50,2581.88
63.51,2018,4,3,1332.80,116.60,388.50,82.04,516.40,456.50,2614.45
63.37,2018,4,4,1333.35,116.90,381.00,79.57,526.40,457.50,2644.69
63.54,2018,4,5,1318.55,117.55,389.50,82.63,536.40,461.00,2662.84
62.06,2018,4,6,1333.00,117.45,388.50,82.69,536.20,472.00,2604.47
63.42,2018,4,9,1336.38,118.65,390.75,82.85,534.20,491.50,2613.16
65.51,2018,4,10,1340.88,117.60,389.25,83.58,533.10,490.75,2656.87
66.82,2018,4,11,1353.38,118.15,387.00,83.72,523.10,484.00,2642.19
67.07,2018,4,12,1335.48,117.90,388.75,83.84,524.30,480.50,2663.99
67.39,2018,4,13,1345.18,117.30,386.25,83.50,526.80,473.50,2656.30
66.22,2018,4,16,1348.20,114.25,382.50,83.33,535.80,463.00,2677.84
66.52,2018,4,17,1350.88,113.55,380.25,83.06,542.10,466.00,2706.39
68.47,2018,4,18,1349.33,114.90,383.00,82.64,550.70,476.50,2708.64
68.29,2018,4,19,1345.83,114.25,382.00,82.89,552.20,476.50,2693.13
68.38,2018,4,20,1335.13,115.75,376.50,85.60,548.60,463.50,2670.14
68.64,2018,4,23,1321.20,117.00,378.50,84.34,546.70,461.00,2670.29
67.70,2018,4,24,1330.68,118.50,381.25,81.94,556.60,473.00,2634.56
68.05,2018,4,25,1326.88,116.85,386.50,83.89,556.20,488.25,2639.40
68.19,2018,4,26,1317.28,117.60,386.00,84.09,563.90,480.50,2666.94
68.10,2018,4,27,1322.80,120.35,389.50,84.44,571.30,495.00,2669.91
68.57,2018,4,30,1315.38,120.65,392.50,83.88,577.20,513.00,2648.05
67.25,2018,5,1,1300.58,122.60,396.75,84.45,591.80,528.75,2654.80
67.93,2018,5,2,1302.13,121.60,396.00,84.77,595.00,525.50,2635.67
68.43,2018,5,3,1312.23,122.20,399.50,84.44,583.50,536.75,2629.73
69.72,2018,5,4,1315.05,120.45,398.75,86.93,600.50,524.25,2663.42
70.73,2018,5,7,1316.40,118.20,393.25,86.08,606.00,510.00,2672.63
69.06,2018,5,8,1315.70,116.55,395.50,85.45,602.00,514.75,2671.92
71.14,2018,5,9,1312.63,115.50,394.75,85.81,596.90,510.75,2697.79
71.36,2018,5,10,1321.25,116.30,394.75,84.54,598.90,503.25,2723.07
70.70,2018,5,11,1321.85,115.25,389.75,84.48,607.00,497.50,2727.72
70.96,2018,5,14,1312.83,113.65,389.00,83.89,651.00,491.00,2730.13
71.31,2018,5,15,1293.88,112.90,402.25,83.78,613.70,494.00,2711.45
71.49,2018,5,16,1297.40,113.25,399.25,84.36,629.00,495.75,2722.46
71.49,2018,5,17,1287.50,113.85,395.25,84.94,639.00,497.50,2720.13
71.28,2018,5,18,1329.85,113.95,402.50,86.51,624.00,518.25,2712.97
72.24,2018,5,21,1294.68,120.20,402.75,88.60,609.00,506.00,2733.01
72.13,2018,5,22,1291.33,120.85,404.75,87.28,594.00,521.25,2724.44
71.84,2018,5,23,1293.13,119.35,408.50,86.94,579.30,532.00,2733.29
70.71,2018,5,24,1304.88,120.55,404.25,87.39,589.30,529.00,2727.76
67.88,2018,5,25,1301.58,120.40,406.00,89.36,599.30,544.75,2721.33
66.73,2018,5,29,1299.00,120.25,400.00,93.21,609.10,534.75,2689.86
68.21,2018,5,30,1309.88,120.30,393.50,92.50,599.10,519.75,2724.01
67.04,2018,5,31,1298.33,123.70,394.00,93.09,597.10,525.00,2705.27
65.81,2018,6,1,1293.13,122.75,391.50,93.50,593.60,523.00,2734.62
64.75,2018,6,4,1291.98,121.50,380.75,92.15,588.40,507.25,2746.87
65.52,2018,6,5,1296.13,119.45,383.75,89.80,588.80,509.25,2748.80
64.73,2018,6,6,1294.00,118.25,378.25,90.96,592.70,520.25,2772.35
65.95,2018,6,7,1297.13,115.70,376.25,94.08,599.50,529.75,2770.37
65.74,2018,6,8,1329.58,117.25,377.75,94.89,589.60,523.25,2779.03
66.10,2018,6,11,1300.13,117.10,367.25,94.83,579.60,514.75,2782.00
66.36,2018,6,12,1300.60,117.35,377.50,95.25,569.60,534.50,2786.85
66.64,2018,6,13,1299.73,116.35,376.00,93.76,554.60,515.75,2775.63
66.89,2018,6,14,1292.13,115.70,363.00,93.35,566.30,501.75,2782.49
65.06,2018,6,15,1280.53,115.20,361.25,90.51,558.20,499.75,2779.66
65.85,2018,6,18,1275.50,114.45,356.00,87.47,543.20,489.25,2773.75
65.07,2018,6,19,1274.78,114.10,353.75,83.33,528.20,477.75,2762.59
66.22,2018,6,20,1277.50,113.65,354.25,83.28,532.00,491.75,2767.32
65.54,2018,6,21,1267.73,112.60,357.00,83.15,547.00,496.75,2749.76
68.58,2018,6,22,1269.63,113.85,357.25,85.81,560.10,489.50,2754.88
68.08,2018,6,25,1255.13,114.15,350.50,86.10,564.10,491.75,2717.07
70.53,2018,6,26,1251.13,114.80,352.50,85.60,563.40,482.50,2723.06
72.76,2018,6,27,1252.03,114.30,352.50,85.84,553.30,488.50,2699.63
73.45,2018,6,28,1248.28,112.15,345.00,84.79,558.00,484.75,2716.31
74.15,2018,6,29,1253.18,111.50,350.25,85.38,569.30,502.00,2718.37
73.94,2018,7,2,1237.73,107.80,337.50,82.97,575.60,481.00,2726.71
74.14,2018,7,3,1237.73,108.35,342.75,82.78,561.70,490.75,2713.22
72.94,2018,7,5,1237.73,106.30,343.50,82.09,558.20,503.25,2736.61
73.80,2018,7,6,1254.73,111.25,351.75,84.37,559.60,513.75,2759.82
73.85,2018,7,9,1257.78,112.20,345.75,85.43,558.30,505.00,2784.17
74.11,2018,7,10,1257.68,111.95,339.75,86.39,557.00,488.25,2793.84
70.38,2018,7,11,1242.18,109.20,331.25,84.60,548.00,474.50,2774.02
70.33,2018,7,12,1247.03,108.70,336.50,88.54,584.00,484.50,2798.29
71.01,2018,7,13,1238.03,107.05,330.25,87.86,570.00,497.00,2801.31
68.06,2018,7,16,1238.13,107.45,341.75,87.81,519.60,491.25,2798.43
68.08,2018,7,17,1226.23,105.70,346.25,88.30,514.90,498.50,2809.55
68.76,2018,7,18,1227.63,104.60,347.25,88.09,499.90,493.25,2815.62
69.46,2018,7,19,1222.83,105.25,351.25,87.59,484.90,503.50,2804.49
70.46,2018,7,20,1232.08,110.65,355.25,87.11,485.80,515.25,2801.83
67.89,2018,7,23,1238.88,111.65,357.25,86.85,477.30,511.75,2806.98
68.52,2018,7,24,1224.58,110.95,352.00,86.68,488.50,511.50,2820.40
69.30,2018,7,25,1227.83,111.00,359.25,87.97,493.30,544.25,2846.07
69.61,2018,7,26,1222.98,109.55,361.50,88.18,478.30,536.00,2837.44
68.69,2018,7,27,1223.38,110.45,362.00,88.31,463.30,530.25,2818.82
70.13,2018,7,30,1226.88,111.40,367.25,89.13,445.50,544.00,2802.60
68.76,2018,7,31,1220.18,109.90,372.25,89.55,455.40,554.50,2816.29
67.66,2018,8,1,1224.88,108.05,365.00,88.34,440.40,559.50,2813.36
68.96,2018,8,2,1207.98,106.70,366.75,88.83,425.40,563.50,2827.22
68.49,2018,8,3,1213.43,107.75,369.75,88.17,430.50,558.75,2840.35
69.01,2018,8,6,1203.33,108.75,371.00,88.37,422.70,575.25,2850.40
69.17,2018,8,7,1197.83,109.05,370.75,87.93,426.40,569.75,2858.45
66.94,2018,8,8,1223.88,107.85,371.25,87.19,411.40,570.75,2857.70
66.81,2018,8,9,1212.28,107.65,369.25,87.26,410.70,564.75,2853.58
67.63,2018,8,10,1211.73,107.00,357.75,85.21,414.90,547.00,2833.28
67.20,2018,8,13,1188.13,106.25,356.50,82.93,429.90,535.00,2821.93
67.04,2018,8,14,1191.13,105.05,362.25,83.06,444.90,541.00,2839.96
65.01,2018,8,15,1170.13,102.40,361.50,80.84,442.50,532.25,2818.37
65.46,2018,8,16,1186.88,101.70,365.25,81.77,457.50,542.50,2840.69
65.91,2018,8,17,1188.88,101.20,364.25,81.43,472.50,560.00,2850.13
66.43,2018,8,20,1191.88,97.25,362.00,82.72,475.80,543.25,2857.05
67.35,2018,8,21,1196.13,97.95,359.75,83.26,467.90,526.25,2862.96
67.86,2018,8,22,1195.53,96.40,352.50,82.31,458.60,531.25,2861.82
67.83,2018,8,23,1183.13,97.20,346.75,81.50,443.60,521.75,2856.98
68.72,2018,8,24,1206.18,100.55,348.50,81.67,441.80,513.50,2874.69
68.87,2018,8,27,1214.78,101.85,346.75,83.21,437.60,522.75,2896.74
68.53,2018,8,28,1221.38,99.25,341.00,83.56,447.10,522.50,2897.52
69.51,2018,8,29,1196.63,98.65,341.25,82.76,435.90,546.00,2914.04
70.25,2018,8,30,1199.53,98.95,341.00,82.24,429.60,535.75,2901.13
69.80,2018,8,31,1204.53,98.10,351.00,82.29,437.60,546.50,2901.52
69.87,2018,9,4,1191.13,97.75,354.50,82.78,448.70,530.25,2896.72
68.72,2018,9,5,1201.88,100.10,351.75,81.76,445.30,522.25,2888.60
67.77,2018,9,6,1200.28,97.95,353.50,81.29,435.70,513.25,2878.05
67.75,2018,9,7,1192.83,98.80,354.25,82.00,438.60,513.00,2871.68
67.54,2018,9,10,1195.93,97.50,355.50,83.89,445.00,529.50,2877.13
69.25,2018,9,11,1198.78,96.20,355.25,82.89,443.10,520.25,2887.89
70.37,2018,9,12,1205.98,97.85,341.50,82.67,433.30,505.75,2888.92
68.59,2018,9,13,1201.58,96.40,336.25,81.50,434.70,496.75,2904.18
68.99,2018,9,14,1193.73,95.45,337.00,81.84,420.00,511.75,2904.98
68.91,2018,9,17,1200.93,93.45,348.00,81.34,363.10,508.25,2888.80
69.85,2018,9,18,1195.63,92.00,343.25,78.62,348.10,511.00,2904.31
71.12,2018,9,19,1203.98,96.70,345.75,78.72,347.20,523.25,2907.95
70.80,2018,9,20,1207.18,99.75,352.50,78.46,345.00,521.00,2930.75
70.78,2018,9,21,1199.63,99.90,357.25,79.14,340.30,522.50,2929.67
72.08,2018,9,24,1195.23,98.50,360.50,78.56,339.60,524.75,2919.37
72.28,2018,9,25,1201.33,97.10,363.75,78.97,336.90,522.00,2915.56
71.57,2018,9,26,1200.88,97.75,363.00,78.56,351.00,518.00,2905.97
72.12,2018,9,27,1181.33,99.30,364.75,77.71,359.40,512.25,2914.00
73.25,2018,9,28,1188.38,102.45,356.25,76.38,344.40,510.50,2913.98
75.30,2018,10,1,1212.88,102.20,365.75,76.30,337.40,510.50,2924.59
75.23,2018,10,2,1180.13,107.65,367.50,76.23,346.30,522.25,2923.43
76.41,2018,10,3,1197.18,106.60,364.75,76.44,353.60,516.25,2925.51
74.33,2018,10,4,1199.68,106.95,367.50,75.99,361.40,517.25,2901.61
74.34,2018,10,5,1202.88,108.95,368.25,76.09,350.30,523.00,2885.57
74.29,2018,10,8,1196.88,111.85,366.50,77.56,353.50,513.00,2884.43
74.96,2018,10,9,1177.63,113.15,364.50,76.97,349.00,516.25,2880.34
73.17,2018,10,10,1194.33,111.90,362.75,76.81,339.20,510.50,2785.68
70.97,2018,10,11,1227.88,112.90,369.25,76.75,324.20,507.75,2728.37
71.34,2018,10,12,1217.93,116.55,373.75,78.36,320.10,517.75,2767.13
71.78,2018,10,15,1234.88,119.35,378.25,78.75,325.20,525.25,2750.79
71.92,2018,10,16,1224.43,117.65,375.25,78.40,339.90,521.25,2809.92
69.75,2018,10,17,1221.33,122.55,374.25,77.87,333.70,515.50,2809.21
68.65,2018,10,18,1230.18,122.05,370.75,78.03,321.60,513.00,2768.78
69.12,2018,10,19,1226.88,122.10,367.00,77.91,325.90,514.00,2767.78
69.17,2018,10,22,1223.53,117.65,369.50,80.01,318.40,508.50,2755.88
66.43,2018,10,23,1241.88,121.10,370.25,79.00,313.30,510.50,2740.69
66.82,2018,10,24,1234.68,120.25,368.25,77.06,304.30,500.25,2656.10
67.33,2018,10,25,1223.53,121.15,361.00,77.69,309.70,487.00,2705.57
67.59,2018,10,26,1223.53,119.65,367.75,78.55,307.70,504.75,2658.69
67.04,2018,10,29,1230.18,114.25,366.75,77.16,307.00,505.50,2641.25
66.18,2018,10,30,1222.73,112.40,364.75,76.88,305.80,499.25,2682.63
65.31,2018,10,31,1215.33,112.70,363.25,76.85,311.50,500.75,2711.74
63.69,2018,11,1,1234.13,117.80,366.75,79.07,325.80,508.75,2740.37
63.14,2018,11,2,1233.08,120.05,371.25,78.78,340.00,508.50,2723.06
63.10,2018,11,5,1231.63,117.10,374.00,78.80,330.00,506.75,2738.31
62.21,2018,11,6,1226.98,113.25,373.25,77.44,335.40,511.25,2755.45
61.67,2018,11,7,1224.83,115.60,372.25,78.87,327.70,509.50,2813.89
60.67,2018,11,8,1223.68,116.65,373.50,78.99,332.00,507.25,2806.83
60.19,2018,11,9,1209.73,113.85,369.75,78.17,331.10,502.25,2781.01
59.93,2018,11,12,1200.13,110.15,371.25,78.30,327.60,518.75,2726.22
55.69,2018,11,13,1202.38,109.20,366.50,77.70,310.20,506.50,2722.18
56.25,2018,11,14,1214.73,112.65,367.00,78.34,323.10,503.75,2701.58
56.46,2018,11,15,1213.38,110.05,367.50,78.22,329.00,505.50,2730.20
56.46,2018,11,16,1221.23,112.60,364.75,78.30,351.40,506.75,2736.27
56.76,2018,11,19,1233.88,112.35,362.25,78.09,358.50,498.00,2690.73
53.43,2018,11,20,1221.58,110.65,361.25,77.41,356.00,500.75,2641.89
54.63,2018,11,21,1226.08,110.30,361.75,78.78,365.70,498.00,2649.93
50.42,2018,11,23,1227.63,107.15,359.00,77.27,362.30,499.75,2632.56
51.63,2018,11,26,1231.88,107.00,356.00,78.40,355.70,513.50,2673.45
51.56,2018,11,27,1231.88,109.50,356.50,77.82,346.20,506.50,2682.17
50.29,2018,11,28,1221.18,110.10,360.50,78.78,336.70,511.25,2743.79
51.45,2018,11,29,1224.48,108.50,360.25,78.72,329.70,507.75,2737.80
50.93,2018,11,30,1218.98,103.25,366.50,78.83,323.90,515.50,2760.17
52.95,2018,12,3,1237.38,103.50,371.25,79.85,334.80,519.25,2790.37
53.25,2018,12,4,1238.63,101.90,374.25,79.78,328.10,523.00,2700.06
51.49,2018,12,6,1238.18,100.65,372.00,79.05,319.50,516.00,2695.95
52.61,2018,12,7,1248.68,98.80,374.00,80.25,331.90,531.75,2633.08
51.00,2018,12,10,1244.33,100.45,374.25,79.81,317.10,524.50,2637.72
51.65,2018,12,11,1242.53,97.65,375.00,80.02,316.40,521.25,2636.78
51.15,2018,12,12,1239.83,97.75,376.25,79.94,322.20,526.00,2651.07
52.58,2018,12,13,1241.88,98.80,375.50,79.46,323.20,536.00,2650.54
51.20,2018,12,14,1238.43,96.95,376.75,79.59,321.60,530.00,2599.95
49.88,2018,12,17,1245.88,94.70,384.00,78.45,320.70,535.00,2545.94
46.24,2018,12,18,1249.33,94.35,385.50,77.80,325.30,532.25,2546.16
47.20,2018,12,19,1243.13,100.85,381.75,76.66,335.80,524.00,2506.96
45.88,2018,12,20,1266.88,102.50,375.25,75.23,334.80,522.50,2467.42
45.59,2018,12,21,1251.98,99.70,378.50,73.22,335.20,513.75,2416.62
42.53,2018,12,24,1269.13,102.20,377.75,72.46,335.30,516.00,2351.10
46.22,2018,12,26,1267.05,103.90,373.25,73.44,332.40,512.25,2467.70
44.61,2018,12,27,1275.75,101.75,374.50,72.03,332.70,511.00,2488.83
45.33,2018,12,28,1280.75,100.95,375.50,72.27,331.50,511.25,2485.74
45.41,2018,12,31,1279.45,101.85,375.00,72.27,332.50,503.00,2506.85
46.54,2019,1,2,1284.55,99.50,375.75,70.77,329.00,506.50,2510.03
47.09,2019,1,3,1294.05,102.15,379.75,70.88,326.30,513.75,2447.89
47.96,2019,1,4,1284.95,101.60,383.00,72.48,323.60,516.25,2531.94
48.52,2019,1,7,1289.55,102.75,382.25,72.89,324.80,517.00,2549.69
49.78,2019,1,8,1285.55,105.05,380.00,71.57,326.50,518.00,2574.41
52.36,2019,1,9,1293.95,105.30,382.00,73.12,324.50,520.25,2584.96
52.59,2019,1,10,1286.25,104.25,376.25,72.86,330.00,513.25,2596.64
51.59,2019,1,11,1287.55,103.85,378.25,72.52,328.50,519.88,2596.26
50.51,2019,1,14,1291.55,102.75,378.50,72.99,325.00,514.25,2582.61
52.11,2019,1,15,1276.25,101.30,371.25,72.32,340.00,509.75,2610.30
52.31,2019,1,16,1293.55,102.40,374.00,73.25,361.50,511.00,2616.10
52.07,2019,1,17,1291.95,102.40,380.00,74.29,359.40,519.50,2635.96
53.80,2019,1,18,1281.23,104.95,381.75,73.97,354.90,516.88,2670.71
52.57,2019,1,22,1285.18,103.35,379.00,73.08,363.40,522.50,2632.90
52.62,2019,1,23,1282.73,103.40,378.75,73.59,366.10,527.00,2638.70
53.13,2019,1,24,1281.13,105.30,377.00,73.19,381.10,521.25,2642.33
53.69,2019,1,25,1309.88,106.80,380.25,74.17,381.50,520.88,2664.76
51.99,2019,1,28,1303.58,102.65,379.75,73.75,389.70,518.00,2643.85
53.31,2019,1,29,1312.18,102.60,377.25,74.17,401.50,513.75,2640.00
54.23,2019,1,30,1319.78,102.10,381.25,74.41,416.50,517.75,2681.05
53.79,2019,1,31,1321.03,105.90,376.50,74.24,416.20,516.50,2704.10
55.26,2019,2,1,1318.63,103.70,378.25,73.63,419.20,524.38,2706.53
54.56,2019,2,4,1310.13,105.60,379.25,72.72,423.90,525.25,2724.87
53.66,2019,2,5,1322.38,104.85,380.75,73.49,438.90,527.50,2737.70
54.01,2019,2,6,1306.58,105.50,380.00,73.70,439.50,524.25,2731.61
52.64,2019,2,7,1300.13,104.30,376.50,72.77,424.50,512.75,2706.05
52.72,2019,2,8,1314.93,102.60,374.25,72.48,419.10,517.88,2707.88
52.41,2019,2,11,1308.13,100.20,372.75,70.48,404.10,518.25,2709.80
53.10,2019,2,12,1310.73,100.45,378.25,69.80,401.40,520.00,2744.73
53.90,2019,2,13,1304.13,98.90,378.75,69.81,416.40,521.50,2753.03
54.41,2019,2,14,1305.93,97.85,374.75,70.12,423.30,507.25,2745.73
55.59,2019,2,15,1323.38,97.95,374.75,70.22,408.30,503.38,2775.60
56.09,2019,2,19,1322.63,97.20,369.75,72.22,397.40,489.00,2779.76
56.92,2019,2,20,1336.73,97.55,370.75,72.15,389.00,479.75,2784.70
56.96,2019,2,21,1323.28,96.10,375.50,73.97,398.20,487.00,2774.88
57.26,2019,2,22,1327.63,96.45,375.25,72.92,396.90,484.88,2792.67
55.48,2019,2,25,1326.73,96.40,370.50,73.10,395.90,472.25,2796.11
55.50,2019,2,26,1328.93,93.55,366.25,71.98,388.70,467.75,2793.90
56.94,2019,2,27,1319.98,95.70,363.75,72.44,388.70,467.00,2792.38
57.22,2019,2,28,1313.58,95.20,362.00,72.77,385.60,458.75,2784.49
55.80,2019,3,1,1292.78,96.95,364.00,73.89,379.40,457.12,2803.69
56.59,2019,3,4,1291.88,94.10,365.00,73.14,366.60,455.50,2792.81
56.56,2019,3,5,1287.78,96.45,366.00,74.56,359.90,464.00,2789.65
56.22,2019,3,6,1286.58,98.40,362.50,74.33,368.60,449.75,2771.45
56.66,2019,3,7,1280.13,96.90,356.00,73.12,387.50,438.00,2748.93
56.07,2019,3,8,1299.28,95.30,354.75,73.33,389.60,438.38,2743.07
56.87,2019,3,12,1301.08,92.80,356.50,74.83,396.20,452.25,2791.52
58.26,2019,3,13,1309.83,97.50,357.25,75.74,397.00,447.50,2810.92
58.61,2019,3,14,1296.53,93.95,361.50,74.34,392.60,452.25,2808.48
58.52,2019,3,15,1301.38,97.65,373.25,75.51,400.50,460.12,2822.48
59.09,2019,3,18,1303.53,96.85,371.50,75.30,390.60,457.25,2832.94
59.03,2019,3,19,1306.73,96.60,371.25,75.63,385.50,456.50,2832.57
59.83,2019,3,20,1314.13,94.75,371.50,75.52,381.10,464.50,2824.23
59.98,2019,3,21,1309.53,94.80,376.25,77.16,378.40,465.00,2854.88
59.04,2019,3,22,1313.23,93.90,378.25,76.59,368.30,464.88,2800.71
58.82,2019,3,25,1322.23,94.25,379.75,77.76,363.00,469.00,2798.36
59.94,2019,3,26,1316.38,95.35,377.25,77.88,369.20,469.75,2818.46
59.41,2019,3,27,1309.78,93.85,373.75,76.96,366.60,469.50,2805.37
59.30,2019,3,28,1291.20,94.00,374.00,75.94,374.90,463.75,2815.44
60.14,2019,3,29,1292.88,94.50,356.50,77.58,360.20,459.38,2834.40
61.59,2019,4,1,1285.15,92.10,361.75,77.27,365.70,462.75,2867.19
62.58,2019,4,2,1293.15,91.65,361.50,77.30,359.90,464.00,2867.24
62.46,2019,4,3,1289.95,95.35,362.75,77.09,365.20,471.25,2873.40
62.10,2019,4,4,1294.35,95.30,365.25,77.41,360.30,470.75,2879.39
63.08,2019,4,5,1290.15,93.20,362.50,78.36,352.80,467.62,2892.74
64.40,2019,4,8,1292.65,92.95,360.00,78.90,345.50,463.75,2895.77
63.98,2019,4,9,1303.88,93.65,360.00,78.05,340.00,459.00,2878.20
64.61,2019,4,10,1307.85,94.25,361.75,77.58,342.40,457.75,2888.21
63.58,2019,4,11,1288.75,90.25,360.00,77.00,340.30,461.75,2888.32
63.89,2019,4,12,1290.40,90.40,361.00,78.05,348.70,464.50,2907.41
63.40,2019,4,15,1273.15,91.40,362.75,76.66,348.00,459.50,2905.58
64.05,2019,4,16,1272.95,90.50,359.00,77.93,335.80,445.00,2907.06
63.76,2019,4,17,1274.13,87.05,358.25,78.17,338.90,447.50,2900.45
64.00,2019,4,18,1274.10,90.20,358.50,77.34,335.70,445.25,2905.03
65.70,2019,4,22,1273.25,91.10,354.75,78.42,323.60,435.75,2907.97
66.30,2019,4,23,1265.65,91.50,351.25,77.84,314.90,437.75,2933.68
65.89,2019,4,24,1275.38,90.45,346.75,77.15,328.50,431.62,2927.25
65.21,2019,4,25,1277.35,92.05,347.50,78.33,342.80,434.00,2926.17
63.30,2019,4,26,1286.25,92.70,351.25,77.66,349.50,434.88,2939.88
63.50,2019,4,29,1288.05,91.35,352.00,76.97,340.00,434.00,2943.03
63.91,2019,4,30,1287.95,91.85,353.25,76.77,341.20,429.00,2945.83
63.60,2019,5,1,1276.68,89.80,360.00,76.64,334.40,436.50,2923.73
61.81,2019,5,2,1287.85,91.38,362.00,75.44,343.70,444.75,2917.52
61.94,2019,5,3,1276.65,89.25,363.00,75.72,344.30,437.75,2945.64
62.25,2019,5,6,1275.15,90.25,355.75,73.48,337.00,437.75,2932.47
61.40,2019,5,7,1288.85,86.65,358.00,73.16,332.80,440.75,2884.05
62.12,2019,5,8,1280.93,87.20,355.25,72.33,337.00,437.75,2879.42
61.70,2019,5,9,1284.13,89.50,344.50,70.12,342.80,429.00,2870.72
61.66,2019,5,10,1286.00,89.45,342.50,68.47,342.20,424.38,2881.40
61.04,2019,5,13,1300.05,90.03,347.50,65.89,338.60,436.25,2811.87
61.78,2019,5,14,1311.85,90.68,360.50,66.72,342.30,450.50,2834.41
62.02,2019,5,15,1307.35,91.58,369.50,66.41,328.20,448.50,2850.96
62.87,2019,5,16,1280.15,90.00,379.00,66.88,328.10,468.00,2876.32
62.76,2019,5,17,1277.55,87.35,383.25,65.85,324.00,463.12,2859.53
63.10,2019,5,20,1297.85,88.25,389.00,67.97,313.60,480.50,2840.23
62.99,2019,5,21,1269.15,92.90,394.25,67.35,317.90,476.00,2864.36
61.42,2019,5,22,1273.85,91.75,394.50,66.72,319.00,472.25,2856.27
57.91,2019,5,23,1283.45,93.50,389.75,67.52,323.70,469.25,2822.24
58.63,2019,5,24,1292.85,93.30,404.25,68.34,326.50,490.38,2826.06
59.14,2019,5,28,1292.85,96.05,420.25,69.34,307.50,503.50,2802.39
58.81,2019,5,29,1292.85,99.50,418.75,69.14,316.20,488.00,2783.02
56.59,2019,5,30,1289.05,102.35,436.25,69.31,309.30,514.00,2788.86
53.50,2019,5,31,1305.65,104.60,427.00,68.17,305.50,504.88,2752.06
53.25,2019,6,3,1325.18,103.75,424.25,69.40,301.80,520.25,2744.45
53.48,2019,6,4,1325.28,105.65,425.25,68.97,316.40,505.75,2803.27
51.68,2019,6,5,1330.18,99.10,414.75,68.75,311.60,492.25,2826.15
52.59,2019,6,6,1335.60,102.05,420.50,68.53,314.40,511.75,2843.49
53.99,2019,6,7,1340.70,100.95,415.75,66.09,315.80,503.25,2873.34
53.26,2019,6,10,1328.13,98.60,415.75,65.89,324.30,507.00,2886.73
53.27,2019,6,11,1329.55,97.00,427.75,65.68,343.30,518.25,2885.72
51.14,2019,6,12,1333.55,99.05,430.00,66.51,354.80,526.50,2879.84
52.28,2019,6,13,1342.35,97.35,442.00,66.88,373.80,536.25,2891.64
52.51,2019,6,14,1333.05,96.00,453.00,66.00,386.00,539.50,2886.98
51.93,2019,6,17,1336.15,96.05,454.75,65.36,392.30,539.00,2889.67
53.90,2019,6,18,1346.48,94.30,449.75,65.41,410.00,531.00,2917.75
53.76,2019,6,19,1333.05,96.25,441.00,65.44,391.00,521.50,2926.46
56.65,2019,6,20,1388.18,101.05,450.00,63.25,386.30,527.00,2954.18
57.43,2019,6,21,1399.05,99.80,442.25,61.66,405.30,526.00,2950.46
57.90,2019,6,24,1419.55,102.00,446.75,65.42,398.20,542.75,2945.35
57.83,2019,6,25,1423.25,106.45,447.50,65.56,396.30,539.75,2917.38
59.38,2019,6,26,1407.45,104.90,443.25,66.34,386.00,546.25,2913.78
59.43,2019,6,27,1409.68,105.55,440.00,65.99,381.10,546.25,2924.92
58.47,2019,6,28,1409.50,108.25,420.25,65.73,378.90,526.00,2941.76
59.09,2019,7,1,1382.45,110.15,412.00,65.62,404.60,511.00,2964.33
56.25,2019,7,2,1423.35,108.25,413.50,66.50,391.30,503.00,2973.01
57.34,2019,7,3,1423.45,112.25,433.00,66.52,384.30,513.88,2995.82
57.51,2019,7,5,1399.95,109.45,434.00,66.32,386.20,516.88,2990.41
57.66,2019,7,8,1395.50,104.75,438.50,65.17,379.40,511.25,2975.95
57.83,2019,7,9,1397.60,108.00,431.75,63.05,368.20,502.25,2979.63
60.43,2019,7,10,1378.25,106.03,434.25,63.89,370.00,504.50,2993.07
60.20,2019,7,11,1403.93,105.50,447.75,63.12,361.50,520.75,2999.91
60.21,2019,7,12,1426.85,106.58,449.50,62.63,360.00,523.38,3013.77
59.58,2019,7,15,1414.08,109.98,441.00,63.96,360.00,509.00,3014.30
57.62,2019,7,16,1406.33,106.03,435.25,63.11,332.40,507.50,3004.04
56.78,2019,7,17,1426.70,107.38,436.00,62.54,327.10,505.25,2984.42
55.30,2019,7,18,1445.95,107.15,424.50,61.72,334.70,493.75,2995.11
55.63,2019,7,19,1418.15,107.12,430.75,63.09,353.70,503.12,2976.61
56.22,2019,7,22,1425.13,105.10,422.25,63.39,344.00,487.75,2985.03
56.77,2019,7,23,1417.38,102.30,425.50,63.72,332.70,487.00,3005.47
55.88,2019,7,24,1425.58,101.00,424.00,64.22,343.50,497.00,3019.56
56.02,2019,7,25,1414.53,100.65,418.50,64.21,340.10,500.25,3003.67
56.20,2019,7,26,1418.65,99.75,414.50,64.46,333.70,495.88,3025.86
56.87,2019,7,29,1430.05,101.15,417.00,64.24,335.80,502.50,3020.97
58.05,2019,7,30,1430.65,99.50,411.25,63.32,349.00,496.50,3013.18
58.58,2019,7,31,1413.83,99.65,400.25,63.88,343.90,486.50,2980.38
53.95,2019,8,1,1450.15,97.25,392.75,62.31,362.90,479.25,2953.56
55.66,2019,8,2,1451.85,98.15,399.50,59.42,368.00,490.88,2932.05
54.69,2019,8,5,1453.75,95.65,405.25,58.60,358.00,494.00,2844.74
53.63,2019,8,6,1474.28,97.05,404.00,58.78,369.60,484.50,2881.77
51.09,2019,8,7,1501.45,96.90,406.50,58.90,358.00,489.75,2883.98
52.54,2019,8,8,1500.15,97.40,411.00,59.63,363.60,498.25,2938.09
54.50,2019,8,9,1495.25,97.30,410.25,58.85,348.90,500.12,2918.65
54.93,2019,8,12,1502.15,93.75,385.25,58.14,342.80,472.50,2882.70
57.10,2019,8,13,1475.15,96.35,366.00,59.56,354.20,472.75,2926.32
55.23,2019,8,14,1500.15,94.45,359.00,59.51,348.10,474.75,2840.60
54.47,2019,8,15,1515.15,94.55,360.75,59.59,354.20,469.75,2847.60
54.87,2019,8,16,1514.15,92.85,371.00,60.12,362.90,470.38,2888.68
56.21,2019,8,19,1495.85,91.15,365.00,59.18,371.90,464.50,2923.65
56.34,2019,8,20,1507.55,91.45,359.50,59.08,366.20,458.75,2900.51
55.68,2019,8,21,1492.15,92.85,362.50,59.93,369.10,462.75,2924.43
55.35,2019,8,22,1481.15,93.50,363.25,58.88,359.30,467.00,2922.95
54.17,2019,8,23,1481.15,92.60,359.75,58.18,359.90,475.12,2847.11
53.64,2019,8,26,1522.05,94.15,358.50,57.77,363.30,474.75,2878.38
54.93,2019,8,27,1542.55,93.80,357.00,57.93,368.20,477.75,2869.16
55.78,2019,8,28,1538.95,94.20,362.75,58.70,379.30,475.75,2887.94
56.71,2019,8,29,1503.20,91.90,359.75,58.99,373.20,472.75,2924.58
55.10,2019,8,30,1520.25,93.60,358.00,58.88,374.50,461.38,2926.46
53.94,2019,9,3,1549.35,95.58,349.75,57.86,370.30,454.25,2906.27
56.26,2019,9,4,1552.55,96.62,346.00,58.18,364.90,460.50,2937.78
56.30,2019,9,5,1519.35,95.08,346.50,59.15,361.70,467.00,2976.00
56.52,2019,9,6,1502.15,96.80,342.50,58.45,359.20,462.62,2978.71
57.85,2019,9,9,1499.13,98.80,340.75,58.95,360.80,474.75,2978.43
57.40,2019,9,10,1485.65,101.78,348.50,59.18,385.40,482.75,2979.39
55.75,2019,9,11,1496.98,100.15,348.25,59.38,390.00,476.50,3000.93
55.09,2019,9,12,1499.15,103.48,354.50,62.02,380.00,484.00,3009.57
54.85,2019,9,13,1483.25,102.48,355.50,62.30,374.00,482.62,3007.39
62.90,2019,9,16,1498.63,103.83,374.00,62.57,367.60,488.50,2997.96
59.34,2019,9,17,1501.15,100.60,368.00,61.31,376.30,485.00,3005.70
58.11,2019,9,18,1494.13,100.68,371.25,60.42,382.00,489.50,3006.73
58.13,2019,9,19,1499.23,98.35,372.75,60.36,378.30,487.00,3006.79
58.09,2019,9,20,1517.15,98.40,370.75,60.55,383.80,484.50,2992.07
58.64,2019,9,23,1504.15,99.00,373.25,60.82,387.20,481.50,2991.78
57.29,2019,9,24,1531.65,99.15,374.75,60.38,373.00,481.00,2966.60
56.49,2019,9,25,1504.15,100.95,374.25,60.62,369.20,477.75,2984.87
56.41,2019,9,26,1492.15,100.85,372.50,60.24,372.00,485.75,2977.62
55.91,2019,9,27,1496.95,100.90,371.50,60.99,371.60,486.75,2961.79
54.07,2019,9,30,1472.25,101.15,388.00,60.74,367.10,495.50,2976.74
53.62,2019,10,1,1448.20,101.35,392.50,60.95,361.70,497.25,2940.25
52.64,2019,10,2,1499.50,100.60,387.75,61.29,359.80,488.25,2887.61
52.45,2019,10,3,1505.35,102.05,388.75,61.56,364.20,488.75,2910.63
52.81,2019,10,4,1520.55,99.00,384.75,61.77,365.70,490.88,2952.01
52.75,2019,10,7,1493.63,97.00,387.00,61.83,368.70,489.75,2938.79
52.63,2019,10,8,1505.48,95.70,395.75,61.34,362.00,500.50,2893.06
52.59,2019,10,9,1490.15,95.45,394.25,62.08,366.30,501.25,2919.40
53.55,2019,10,10,1494.25,93.50,380.25,61.55,363.00,491.25,2938.13
54.70,2019,10,11,1489.85,93.70,397.75,64.00,369.40,509.62,2970.27
53.59,2019,10,14,1492.98,94.85,397.75,62.20,380.50,511.00,2966.15
52.81,2019,10,15,1504.85,94.45,393.25,63.43,372.70,507.25,2995.68
53.36,2019,10,16,1493.45,93.55,391.75,64.55,379.90,514.25,2989.69
53.93,2019,10,17,1512.15,92.90,394.75,65.09,389.60,525.00,2997.95
53.78,2019,10,18,1497.55,95.70,391.00,65.18,385.60,530.75,2986.20
53.31,2019,10,21,1494.55,96.35,387.25,64.45,397.60,524.25,3006.72
54.16,2019,10,22,1494.55,98.90,388.00,64.67,395.80,517.50,2995.99
55.97,2019,10,23,1492.10,97.75,387.75,64.88,400.60,521.50,3004.52
56.23,2019,10,24,1503.65,96.45,386.75,64.67,402.10,517.00,3010.29
56.66,2019,10,25,1504.73,99.45,386.75,64.99,403.30,516.38,3022.55
55.81,2019,10,28,1492.10,100.50,384.00,64.83,399.00,512.75,3039.42
55.54,2019,10,29,1487.45,98.95,386.25,64.78,402.60,511.50,3036.89
55.06,2019,10,30,1495.60,99.35,390.75,65.71,395.00,509.75,3046.77
54.18,2019,10,31,1512.25,101.95,390.00,64.38,396.20,508.75,3037.56
56.20,2019,11,1,1513.95,104.00,389.25,64.63,404.10,514.75,3066.91
56.54,2019,11,4,1509.35,103.65,383.25,63.77,406.50,510.25,3078.27
57.23,2019,11,5,1483.78,105.80,381.75,63.77,394.30,515.50,3074.62
56.35,2019,11,6,1490.30,108.00,378.75,63.65,388.10,517.00,3076.78
57.15,2019,11,7,1468.85,109.10,375.25,64.18,386.00,512.50,3085.18
57.24,2019,11,8,1458.75,109.45,377.25,64.51,379.90,510.00,3093.08
56.86,2019,11,11,1455.75,106.00,373.25,64.30,377.00,506.50,3087.01
56.80,2019,11,12,1456.05,105.60,377.75,64.65,372.20,516.50,3091.84
57.12,2019,11,13,1463.38,107.95,375.25,64.30,372.60,508.75,3094.04
56.77,2019,11,14,1471.08,108.05,375.75,64.24,382.00,507.50,3096.63
57.72,2019,11,15,1466.55,106.15,371.25,64.86,375.70,502.62,3120.46
57.05,2019,11,18,1471.45,105.55,367.75,65.80,413.00,507.25,3122.03
55.21,2019,11,19,1472.55,102.70,370.00,65.31,413.40,511.50,3120.18
57.11,2019,11,20,1471.38,109.70,366.75,64.22,402.70,514.75,3108.46
58.58,2019,11,21,1464.35,115.25,368.50,64.01,408.20,508.25,3103.54
57.77,2019,11,22,1462.05,114.60,368.75,64.87,410.40,514.12,3110.29
58.01,2019,11,25,1455.43,117.80,370.50,65.77,421.30,532.00,3133.64
58.41,2019,11,26,1461.35,115.70,367.50,65.85,412.90,530.75,3140.52
58.11,2019,11,27,1454.63,117.48,362.75,65.86,416.10,526.12,3153.63
55.17,2019,11,29,1530.58,118.55,371.25,65.30,416.60,542.12,3140.98
55.96,2019,12,2,1462.75,121.50,373.50,64.84,409.00,537.75,3113.87
56.10,2019,12,3,1477.60,122.85,372.00,64.06,397.80,525.38,3093.20
58.43,2019,12,4,1474.45,120.60,368.75,64.84,400.70,527.75,3112.76
58.43,2019,12,5,1448.40,123.95,365.50,64.50,405.30,523.75,3117.43
59.20,2019,12,6,1460.25,123.70,366.50,65.95,406.10,524.75,3145.91
59.02,2019,12,9,1461.45,127.30,365.75,65.46,399.40,523.00,3135.96
59.24,2019,12,10,1464.18,132.05,363.25,65.95,392.70,523.12,3132.52
58.76,2019,12,11,1474.60,133.85,357.75,65.88,396.60,518.50,3141.63
59.18,2019,12,12,1469.50,135.90,367.00,67.19,397.80,530.25,3168.57
60.07,2019,12,13,1530.80,129.45,366.25,66.75,404.60,533.00,3168.80
60.21,2019,12,16,1475.85,135.80,388.00,66.98,410.80,549.25,3191.45
60.94,2019,12,17,1476.33,132.20,390.00,66.46,406.40,554.00,3192.52
60.93,2019,12,18,1475.73,132.83,387.00,66.77,406.80,547.75,3191.14
61.22,2019,12,19,1479.10,127.20,386.50,67.71,417.20,545.62,3205.37
60.44,2019,12,20,1530.80,130.70,387.75,67.94,413.30,542.62,3221.22
60.52,2019,12,23,1485.45,125.30,388.75,68.50,408.60,540.00,3224.01
61.11,2019,12,24,1465.18,129.40,387.50,68.72,406.80,541.00,3223.38
61.68,2019,12,26,1517.40,127.30,388.50,68.68,406.20,550.25,3239.91
61.72,2019,12,27,1511.25,132.50,390.00,68.75,409.10,557.38,3240.02
61.68,2019,12,30,1514.85,132.15,388.25,69.59,404.20,555.50,3221.29
61.06,2019,12,31,1517.25,129.70,387.75,68.98,405.30,559.38,3230.78
61.18,2020,1,2,1528.85,127.10,391.50,69.20,406.70,559.50,3257.85
63.05,2020,1,3,1569.25,126.35,386.50,69.22,403.60,555.12,3234.85
63.27,2020,1,6,1565.93,122.15,384.75,70.07,397.00,551.00,3246.28
62.70,2020,1,7,1560.20,122.40,384.50,69.83,395.40,550.75,3237.18
59.61,2020,1,8,1556.55,119.15,384.25,70.00,398.00,553.75,3253.05
59.56,2020,1,9,1552.64,117.35,383.25,70.63,391.10,562.75,3274.70
59.04,2020,1,10,1562.34,118.95,385.75,71.30,392.00,564.25,3265.35
58.08,2020,1,13,1548.25,114.55,389.50,71.40,393.60,560.75,3288.13
58.23,2020,1,14,1546.55,114.90,389.00,71.43,390.00,568.50,3283.15
57.81,2020,1,15,1556.25,114.30,387.50,70.19,388.60,573.75,3289.29
58.52,2020,1,16,1552.65,112.95,375.50,70.23,428.80,565.50,3316.81
58.54,2020,1,17,1557.30,112.15,389.25,71.30,430.00,570.88,3329.62
58.34,2020,1,21,1558.05,111.05,387.50,69.24,424.70,582.50,3320.79
56.74,2020,1,22,1558.65,111.00,388.75,71.18,425.20,577.25,3321.75
55.59,2020,1,23,1562.90,112.60,393.75,69.93,426.00,579.25,3325.54
54.19,2020,1,24,1571.85,110.15,387.25,69.48,426.20,571.75,3295.47
53.14,2020,1,27,1581.65,106.60,380.50,69.45,420.80,573.25,3243.63
53.48,2020,1,28,1567.25,105.05,386.50,70.28,427.10,569.00,3276.24
53.33,2020,1,29,1577.03,102.05,384.25,70.07,428.00,561.75,3273.40
52.14,2020,1,30,1574.45,101.50,379.50,68.95,436.10,560.50,3283.66
51.56,2020,1,31,1589.65,102.65,381.25,67.42,435.50,553.38,3225.52
50.11,2020,2,3,1576.95,97.90,378.75,66.84,422.80,553.75,3248.92
49.61,2020,2,4,1549.45,98.15,382.25,67.58,412.70,557.50,3297.59
50.75,2020,2,5,1556.00,97.75,380.75,67.69,428.30,561.25,3334.69
50.95,2020,2,6,1566.35,98.15,379.25,67.90,433.20,556.25,3345.78
50.32,2020,2,7,1574.85,98.35,383.50,67.80,440.20,559.12,3327.71
49.57,2020,2,10,1571.98,100.30,381.75,68.09,446.00,551.00,3352.09
49.94,2020,2,11,1567.65,100.50,379.75,68.30,451.40,541.25,3357.75
51.17,2020,2,12,1566.10,100.65,383.00,68.46,454.50,547.50,3379.45
51.42,2020,2,13,1575.95,104.45,379.50,67.72,455.10,544.75,3373.94
52.05,2020,2,14,1583.80,109.10,377.75,67.39,449.30,544.62,3380.16
52.05,2020,2,18,1601.60,106.55,383.00,67.98,446.10,567.00,3370.29
53.29,2020,2,19,1611.35,106.80,380.50,68.49,460.30,565.50,3386.15
53.78,2020,2,20,1619.75,103.60,378.50,68.76,463.00,559.50,3373.23
53.38,2020,2,21,1643.45,108.85,377.00,68.65,460.10,551.75,3337.75
51.43,2020,2,24,1659.35,105.90,372.25,67.16,443.10,536.25,3225.89
49.90,2020,2,25,1634.95,107.10,372.50,66.44,435.30,538.75,3128.21
48.73,2020,2,26,1640.90,109.10,370.50,65.39,427.50,535.50,3116.39
47.09,2020,2,27,1645.30,108.20,364.50,62.52,412.00,526.25,2978.76
44.76,2020,2,28,1585.85,110.10,366.50,61.80,399.40,525.25,2954.22
46.75,2020,3,2,1589.80,114.65,374.75,63.48,415.60,524.25,3090.23
47.18,2020,3,3,1640.95,121.05,381.75,62.72,404.10,527.50,3003.37
46.78,2020,3,4,1636.85,117.15,387.00,63.03,410.20,518.50,3130.12
45.90,2020,3,5,1672.28,109.85,384.50,63.36,407.50,517.75,3023.94
41.28,2020,3,6,1673.75,105.60,377.25,62.83,400.40,513.50,2972.37
31.13,2020,3,9,1673.60,108.95,374.25,61.25,370.40,519.38,2746.56
34.36,2020,3,10,1653.80,114.25,380.00,61.37,378.80,521.25,2882.23
32.98,2020,3,11,1638.35,112.28,379.25,61.56,373.50,510.12,2741.38
31.50,2020,3,12,1574.80,109.13,369.75,59.76,330.10,504.25,2480.64
31.73,2020,3,13,1529.30,107.05,370.75,60.50,350.00,505.50,2711.02
28.70,2020,3,16,1507.50,103.90,354.75,58.77,325.00,496.88,2386.13
26.95,2020,3,17,1537.15,102.90,344.00,57.96,310.00,500.25,2529.19
20.37,2020,3,18,1484.25,108.05,335.25,56.84,303.40,509.50,2398.10
25.22,2020,3,19,1467.40,116.65,345.50,55.36,319.80,534.38,2409.39
22.43,2020,3,20,1498.60,119.70,343.75,53.69,322.30,540.50,2304.92
23.36,2020,3,23,1566.05,121.25,343.50,51.93,320.20,560.50,2237.40
24.01,2020,3,24,1630.65,125.60,347.25,53.20,321.50,559.88,2447.33
24.49,2020,3,25,1611.80,129.95,348.50,53.48,311.60,579.62,2475.56
22.60,2020,3,26,1631.80,124.65,348.75,52.81,320.80,569.50,2630.07
21.51,2020,3,27,1623.50,115.85,346.00,51.17,311.30,572.88,2541.47
20.09,2020,3,30,1623.58,119.30,341.25,50.67,296.50,569.38,2626.65
20.48,2020,3,31,1571.00,119.55,340.75,51.14,278.50,567.25,2584.59
20.31,2020,4,1,1595.05,116.00,334.75,48.85,259.80,550.38,2470.50
25.32,2020,4,2,1614.30,119.35,333.50,49.89,264.10,542.75,2526.90
28.34,2020,4,3,1618.45,114.90,330.75,51.04,264.00,551.12,2488.65
26.08,2020,4,6,1664.70,116.65,327.75,53.04,282.00,553.62,2663.68
23.63,2020,4,7,1648.96,119.90,331.50,52.75,307.40,550.25,2659.41
25.09,2020,4,8,1646.00,119.80,330.00,53.80,304.10,549.12,2749.98
22.76,2020,4,9,1683.89,118.60,331.75,54.41,322.10,558.50,2789.82
22.41,2020,4,13,1714.30,119.75,331.50,52.94,333.70,554.88,2761.63
20.11,2020,4,14,1730.45,117.20,326.00,52.43,331.00,546.75,2846.06
19.87,2020,4,15,1716.90,120.20,319.25,52.74,324.00,539.88,2783.36
19.87,2020,4,16,1717.70,118.60,319.75,52.90,332.60,528.50,2799.55
18.27,2020,4,17,1683.85,116.05,322.25,52.59,341.70,535.38,2874.56
