Date,Price,Open,High,Low,Vol.,Change %
20-Apr-20,53.89,52.89,54.29,52.53,-,2.47%
17-Apr-20,52.59,53.15,53.86,52.59,-,-0.59%
16-Apr-20,52.9,52.72,53.4,52.13,-,0.30%
15-Apr-20,52.74,52.41,53.16,51.9,-,0.59%
14-Apr-20,52.43,52.7,53.05,52.38,-,-0.96%
13-Apr-20,52.94,54.39,54.52,52.36,-,-2.70%
9-Apr-20,54.41,53.84,54.49,53.09,-,1.13%
8-Apr-20,53.8,52.65,54.12,52.24,-,1.99%
7-Apr-20,52.75,53.23,53.58,52.38,-,-0.55%
6-Apr-20,53.04,51.14,53.85,49.32,-,3.92%
3-Apr-20,51.04,50.2,51.16,49.66,-,2.31%
2-Apr-20,49.89,48.83,51.48,48.6,-,2.13%
1-Apr-20,48.85,50.81,51.27,48.36,-,-4.48%
31-Mar-20,51.14,50.64,51.73,49.47,-,0.93%
30-Mar-20,50.67,50.83,51.12,48.85,-,-0.98%
27-Mar-20,51.17,52.82,53.3,51.16,-,-3.11%
26-Mar-20,52.81,53.45,54,52.51,-,-1.25%
25-Mar-20,53.48,53.26,54.27,52.23,-,0.53%
24-Mar-20,53.2,52.21,54.77,51.19,-,2.45%
23-Mar-20,51.93,52.72,52.72,50.68,-,-3.28%
20-Mar-20,53.69,55.41,56.37,53.21,-,-3.02%
19-Mar-20,55.36,56.37,57,53.64,-,-2.60%
18-Mar-20,56.84,57.89,58.56,55.66,-,-1.93%
17-Mar-20,57.96,58.8,59.68,57.86,-,-1.38%
16-Mar-20,58.77,59.69,59.69,58.12,-,-2.86%
13-Mar-20,60.5,59.36,61.9,58.58,-,1.24%
12-Mar-20,59.76,61.52,61.52,59.36,-,-2.92%
11-Mar-20,61.56,61.49,61.94,61.31,-,0.31%
10-Mar-20,61.37,61.76,62.87,61.02,-,0.20%
9-Mar-20,61.25,61.92,62.47,60.5,-,-2.51%
6-Mar-20,62.83,63.07,63.27,62.36,-,-0.84%
5-Mar-20,63.36,63.64,64.14,62.74,-,0.52%
4-Mar-20,63.03,62.97,64.08,62.91,-,0.49%
3-Mar-20,62.72,63.79,65.05,62.64,-,-1.20%
2-Mar-20,63.48,61.84,64.24,61.75,-,2.72%
28-Feb-20,61.8,62.63,62.72,60.17,-,-1.15%
27-Feb-20,62.52,65.38,65.38,62.49,-,-4.39%
26-Feb-20,65.39,66.67,66.73,65.38,-,-1.58%
25-Feb-20,66.44,66.96,67.75,66.16,-,-1.07%
24-Feb-20,67.16,68.14,68.16,66,-,-2.17%
21-Feb-20,68.65,68.56,68.98,68.09,-,-0.16%
20-Feb-20,68.76,68.52,68.8,67.72,-,0.39%
19-Feb-20,68.49,68.06,69.04,68.06,-,0.75%
18-Feb-20,67.98,67.97,68.91,67.84,-,0.88%
14-Feb-20,67.39,67.7,67.93,67.21,-,-0.49%
13-Feb-20,67.72,68.48,68.56,67.72,-,-1.08%
12-Feb-20,68.46,68.31,68.79,67.82,-,0.23%
11-Feb-20,68.3,68.09,68.55,67.99,-,0.31%
10-Feb-20,68.09,67.7,68.36,67.67,-,0.43%
7-Feb-20,67.8,67.84,67.98,67.1,-,-0.15%
6-Feb-20,67.9,67.69,68.2,67.52,-,0.31%
5-Feb-20,67.69,67.64,68.42,67.31,-,0.16%
4-Feb-20,67.58,67.06,68.21,66.95,-,1.11%
3-Feb-20,66.84,67.16,68.05,66.76,-,-0.86%
31-Jan-20,67.42,68.98,69.34,67.41,-,-2.22%
30-Jan-20,68.95,69.99,70.03,68.55,-,-1.60%
29-Jan-20,70.07,70.38,70.91,69.88,-,-0.30%
28-Jan-20,70.28,69.16,70.59,69.08,-,1.20%
27-Jan-20,69.45,69.28,69.82,68,-,-0.04%
24-Jan-20,69.48,69.85,70.24,69.35,-,-0.64%
23-Jan-20,69.93,70.94,70.94,69.81,-,-1.76%
22-Jan-20,71.18,69.01,71.26,68.73,-,2.80%
21-Jan-20,69.24,71.22,71.22,69.12,-,-2.89%
17-Jan-20,71.3,70,71.37,69.95,-,1.52%
16-Jan-20,70.23,70.28,70.37,69.73,-,0.06%
15-Jan-20,70.19,71.31,71.31,70.1,-,-1.74%
14-Jan-20,71.43,71.53,71.75,70.91,-,0.04%
13-Jan-20,71.4,71.2,71.96,71.19,-,0.14%
10-Jan-20,71.3,70.52,71.38,70.36,-,0.95%
9-Jan-20,70.63,69.91,70.85,69.56,-,0.90%
8-Jan-20,70,69.67,70.01,69.07,-,0.24%
7-Jan-20,69.83,70.08,70.25,69.47,-,-0.34%
6-Jan-20,70.07,69.35,70.1,69.31,-,1.23%
3-Jan-20,69.22,69.03,69.6,68.51,-,0.03%
2-Jan-20,69.2,69.31,69.73,69.04,-,0.32%
31-Dec-19,68.98,69.46,69.72,68.81,-,-0.88%
30-Dec-19,69.59,68.97,69.69,68.97,-,1.22%
27-Dec-19,68.75,68.79,69.32,68.47,-,0.10%
26-Dec-19,68.68,68.71,69.34,68.47,-,-0.06%
25-Dec-19,68.72,68.72,68.72,68.72,-,0.00%
24-Dec-19,68.72,68.49,68.73,68.24,-,0.32%
23-Dec-19,68.5,67.99,68.75,67.62,-,0.82%
20-Dec-19,67.94,67.54,68.31,67.13,-,0.34%
19-Dec-19,67.71,66.72,67.86,66.69,-,1.41%
18-Dec-19,66.77,66.48,67.18,66.25,-,0.47%
17-Dec-19,66.46,66.86,67.07,66.31,-,-0.78%
16-Dec-19,66.98,66.78,67.43,66.44,-,0.34%
13-Dec-19,66.75,67.4,67.8,66.44,-,-0.65%
12-Dec-19,67.19,65.83,67.38,65.58,-,1.99%
11-Dec-19,65.88,65.86,66.19,65.35,-,-0.11%
10-Dec-19,65.95,65.68,66.23,64.88,-,0.75%
9-Dec-19,65.46,66.18,66.25,64.81,-,-0.74%
6-Dec-19,65.95,64.52,66.33,64.52,-,2.25%
5-Dec-19,64.5,64.83,65.2,64.41,-,-0.52%
4-Dec-19,64.84,64.06,64.84,64.05,-,1.22%
3-Dec-19,64.06,64.7,64.92,64.03,-,-1.20%
2-Dec-19,64.84,65.34,65.97,64.75,-,-0.70%
29-Nov-19,65.3,65.69,65.69,65.12,-,-0.85%
27-Nov-19,65.86,65.84,66.09,65.31,-,0.02%
26-Nov-19,65.85,65.68,66.13,65.42,-,0.12%
25-Nov-19,65.77,64.94,65.89,64.77,-,1.39%
22-Nov-19,64.87,64.08,64.9,63.97,-,1.34%
21-Nov-19,64.01,63.93,64.84,63.7,-,-0.33%
20-Nov-19,64.22,65.25,65.81,64.19,-,-1.67%
19-Nov-19,65.31,65.55,66.05,65.17,-,-0.74%
18-Nov-19,65.8,66.49,66.63,65.27,-,1.45%
15-Nov-19,64.86,64.33,65,64.23,-,0.97%
14-Nov-19,64.24,64.4,64.9,63.86,-,-0.09%
13-Nov-19,64.3,64.52,64.84,64.14,-,-0.54%
12-Nov-19,64.65,64.26,64.82,64.05,-,0.54%
11-Nov-19,64.3,64.56,64.83,63.74,-,-0.33%
8-Nov-19,64.51,64.21,65.06,63.62,-,0.51%
7-Nov-19,64.18,63.59,64.86,63.49,-,0.83%
6-Nov-19,63.65,63.75,64.11,63.46,-,-0.19%
5-Nov-19,63.77,63.75,64.21,63.56,-,0.00%
4-Nov-19,63.77,64.68,64.97,63.55,-,-1.33%
1-Nov-19,64.63,64.36,64.91,63.82,-,0.39%
31-Oct-19,64.38,65.63,65.96,64.02,-,-2.02%
30-Oct-19,65.71,64.73,65.99,64.65,-,1.44%
29-Oct-19,64.78,64.88,65.46,64.71,-,-0.08%
28-Oct-19,64.83,65.18,65.28,64.49,-,-0.25%
25-Oct-19,64.99,64.68,65.69,64.59,-,0.49%
24-Oct-19,64.67,64.91,65.52,64.61,-,-0.32%
23-Oct-19,64.88,64.61,65.18,64.41,-,0.32%
22-Oct-19,64.67,64.39,65.19,63.97,-,0.34%
21-Oct-19,64.45,65.21,65.45,64.45,-,-1.12%
18-Oct-19,65.18,65.14,65.39,65.01,-,0.14%
17-Oct-19,65.09,64.53,65.14,64.2,-,0.84%
16-Oct-19,64.55,63.48,64.58,63.06,-,1.77%
15-Oct-19,63.43,62.04,63.69,61.73,-,1.98%
14-Oct-19,62.2,64.31,65.87,62.2,-,-2.81%
11-Oct-19,64,61.71,64,61.54,-,3.98%
10-Oct-19,61.55,62.05,62.47,61.37,-,-0.85%
9-Oct-19,62.08,61.26,62.38,61,-,1.21%
8-Oct-19,61.34,61.61,61.79,60.8,-,-0.79%
7-Oct-19,61.83,61.88,62.27,61.4,-,0.10%
4-Oct-19,61.77,61.72,62.13,61.23,-,0.34%
3-Oct-19,61.56,61.26,62.91,61.16,-,0.44%
2-Oct-19,61.29,60.95,61.53,60.39,-,0.56%
1-Oct-19,60.95,60.89,61.13,60.2,-,0.35%
30-Sep-19,60.74,60.88,61.13,60.09,-,-0.41%
27-Sep-19,60.99,60.04,61,59.59,-,1.25%
26-Sep-19,60.24,60.58,60.94,59.93,-,-0.63%
25-Sep-19,60.62,60.64,60.65,59.64,-,0.40%
24-Sep-19,60.38,60.81,60.95,59.66,-,-0.72%
23-Sep-19,60.82,60.62,61.67,60.14,-,0.45%
20-Sep-19,60.55,60.31,60.87,60.21,-,0.31%
19-Sep-19,60.36,60.53,61.12,60.29,-,-0.10%
18-Sep-19,60.42,61.23,61.34,60.42,-,-1.45%
17-Sep-19,61.31,62.46,62.55,60.81,-,-2.01%
16-Sep-19,62.57,62.58,62.78,61.89,-,0.43%
13-Sep-19,62.3,62.29,63.3,62.07,-,0.45%
12-Sep-19,62.02,59.52,62.36,59.47,-,4.45%
11-Sep-19,59.38,59.22,59.55,58.97,-,0.34%
10-Sep-19,59.18,58.91,59.7,58.91,-,0.39%
9-Sep-19,58.95,58.48,59.09,58.34,-,0.86%
6-Sep-19,58.45,59.08,59.86,58.04,-,-1.18%
5-Sep-19,59.15,58.34,59.17,58.15,-,1.67%
4-Sep-19,58.18,57.97,58.78,57.85,-,0.55%
3-Sep-19,57.86,58.54,58.72,57.56,-,-1.73%
30-Aug-19,58.88,59,59.3,58.48,-,-0.19%
29-Aug-19,58.99,58.73,59.28,57.96,-,0.49%
28-Aug-19,58.7,58.02,58.92,57.84,-,1.33%
27-Aug-19,57.93,57.68,59.41,57.41,-,0.28%
26-Aug-19,57.77,57.9,57.94,56.59,-,-0.70%
23-Aug-19,58.18,58.89,59.54,58.07,-,-1.19%
22-Aug-19,58.88,59.95,60.03,58.87,-,-1.75%
21-Aug-19,59.93,58.88,59.98,58.69,-,1.44%
20-Aug-19,59.08,59.35,59.65,59.08,-,-0.17%
19-Aug-19,59.18,60.14,60.18,59.12,-,-1.56%
16-Aug-19,60.12,59.57,60.23,59.54,-,0.89%
15-Aug-19,59.59,59.47,60.18,59.27,-,0.13%
14-Aug-19,59.51,59.4,59.86,58.95,-,-0.08%
13-Aug-19,59.56,58.11,59.95,57.9,-,2.44%
12-Aug-19,58.14,58.99,59.04,57.57,-,-1.21%
9-Aug-19,58.85,59.68,59.68,58.8,-,-1.31%
8-Aug-19,59.63,58.88,59.78,58.69,-,1.24%
7-Aug-19,58.9,58.74,58.93,57.52,-,0.20%
6-Aug-19,58.78,58.57,58.8,58.18,-,0.31%
5-Aug-19,58.6,59.75,60.1,57.27,-,-1.38%
2-Aug-19,59.42,62.14,62.15,59.38,-,-4.64%
1-Aug-19,62.31,63.87,63.87,62.26,-,-2.46%
31-Jul-19,63.88,63.38,63.98,63.14,-,0.88%
30-Jul-19,63.32,64.05,64.15,62.86,-,-1.43%
29-Jul-19,64.24,64.04,64.43,63.27,-,-0.34%
26-Jul-19,64.46,64.12,64.61,63.58,-,0.39%
25-Jul-19,64.21,64.18,64.67,63.97,-,-0.02%
24-Jul-19,64.22,63.57,64.67,63.54,-,0.78%
23-Jul-19,63.72,63.29,63.82,62.94,-,0.52%
22-Jul-19,63.39,63.23,63.97,63.11,-,0.48%
19-Jul-19,63.09,61.69,63.27,61.69,-,2.22%
18-Jul-19,61.72,62.48,62.58,61.67,-,-1.31%
17-Jul-19,62.54,63.07,63.17,62.34,-,-0.90%
16-Jul-19,63.11,63.9,63.9,62.85,-,-1.33%
15-Jul-19,63.96,62.83,64.09,62.69,-,2.12%
12-Jul-19,62.63,63.18,63.45,62.63,-,-0.78%
11-Jul-19,63.12,63.96,64.1,62.86,-,-1.21%
10-Jul-19,63.89,63.08,64.2,62.75,-,1.33%
9-Jul-19,63.05,64.76,65.02,62.76,-,-3.25%
8-Jul-19,65.17,66.27,66.48,65.16,-,-1.73%
5-Jul-19,66.32,66.51,66.74,65.84,-,-0.30%
3-Jul-19,66.52,66.39,67.16,66.28,-,0.03%
2-Jul-19,66.5,65.81,66.88,65.28,-,1.34%
1-Jul-19,65.62,67.1,67.84,65.59,-,-0.17%
28-Jun-19,65.73,65.97,66.73,65.56,-,-0.39%
27-Jun-19,65.99,66.54,66.72,65.78,-,-0.53%
26-Jun-19,66.34,65.63,67.48,65.47,-,1.19%
25-Jun-19,65.56,65.39,66.15,65.22,-,0.21%
24-Jun-19,65.42,64.71,65.55,64.69,-,6.10%
21-Jun-19,61.66,63.39,63.95,60.52,-,-2.51%
20-Jun-19,63.25,65.31,65.72,62.99,-,-3.35%
19-Jun-19,65.44,65.56,66.36,65.32,-,0.05%
18-Jun-19,65.41,65.44,66.99,64.98,-,0.08%
17-Jun-19,65.36,66.03,66.49,65.35,-,-0.97%
14-Jun-19,66,66.91,66.92,65.91,-,-1.32%
13-Jun-19,66.88,66.62,67.51,66.05,-,0.56%
12-Jun-19,66.51,65.65,66.94,65.42,-,1.26%
11-Jun-19,65.68,65.73,66.36,65.3,-,-0.32%
10-Jun-19,65.89,65.87,66.5,64.86,-,-0.30%
7-Jun-19,66.09,68.66,68.72,65.59,-,-3.56%
6-Jun-19,68.53,68.66,68.72,67.5,-,-0.32%
5-Jun-19,68.75,69.11,69.61,68.44,-,-0.32%
4-Jun-19,68.97,69.59,69.82,68.49,-,-0.62%
3-Jun-19,69.4,68.16,69.53,66.91,-,1.80%
31-May-19,68.17,69.31,69.67,68,-,-1.64%
30-May-19,69.31,69.01,69.49,68.2,-,0.25%
29-May-19,69.14,69.58,69.81,68.66,-,-0.29%
28-May-19,69.34,68.51,69.49,68.46,-,1.46%
24-May-19,68.34,67.41,68.58,67.36,-,1.21%
23-May-19,67.52,66.78,68.22,66.53,-,1.20%
22-May-19,66.72,67.41,67.45,66.12,-,-0.94%
21-May-19,67.35,67.98,68.22,67.02,-,-0.91%
20-May-19,67.97,66.25,67.97,65.85,-,3.22%
17-May-19,65.85,66.64,66.78,65.84,-,-1.54%
16-May-19,66.88,66.62,67.16,66.41,-,0.71%
15-May-19,66.41,66.69,67.27,65.8,-,-0.46%
14-May-19,66.72,65.81,67.14,64.51,-,1.26%
13-May-19,65.89,68.57,68.58,65.49,-,-3.77%
10-May-19,68.47,70.59,71.5,68.35,-,-2.35%
9-May-19,70.12,72.23,72.34,69.65,-,-3.06%
8-May-19,72.33,73.19,73.62,71.93,-,-1.13%
7-May-19,73.16,73.69,74.72,73.16,-,-0.44%
6-May-19,73.48,75.08,75.08,73.04,-,-2.96%
3-May-19,75.72,75.45,76.31,75.44,-,0.37%
2-May-19,75.44,76.36,76.59,75.38,-,-1.57%
1-May-19,76.64,76.71,76.88,75.66,-,-0.17%
30-Apr-19,76.77,76.88,77.32,76.56,-,-0.26%
29-Apr-19,76.97,77.75,78.09,76.85,-,-0.89%
26-Apr-19,77.66,78.36,78.39,77.28,-,-0.86%
25-Apr-19,78.33,77.15,78.47,77.15,-,1.53%
24-Apr-19,77.15,77.79,77.93,77.06,-,-0.89%
23-Apr-19,77.84,78.43,78.5,77.17,-,-0.74%
22-Apr-19,78.42,78.44,78.83,78.16,-,1.40%
18-Apr-19,77.34,78.03,78.22,77.02,-,-1.06%
17-Apr-19,78.17,77.91,78.44,77.52,-,0.31%
16-Apr-19,77.93,76.61,78.22,76.6,-,1.66%
15-Apr-19,76.66,78.12,79.16,75.72,-,-1.78%
12-Apr-19,78.05,77.06,78.65,76.89,-,1.36%
11-Apr-19,77,77.61,77.94,76.87,-,-0.75%
10-Apr-19,77.58,78.07,78.31,77.32,-,-0.60%
9-Apr-19,78.05,78.82,79.31,77.6,-,-1.08%
8-Apr-19,78.9,78.34,79.08,77.88,-,0.69%
5-Apr-19,78.36,77.23,78.48,77.09,-,1.23%
4-Apr-19,77.41,76.94,77.78,76.94,-,0.42%
3-Apr-19,77.09,77.31,77.94,76.91,-,-0.27%
2-Apr-19,77.3,77.28,77.36,76.49,-,0.04%
1-Apr-19,77.27,77.61,77.89,77.19,-,-0.40%
29-Mar-19,77.58,75.87,77.8,75.73,-,2.16%
28-Mar-19,75.94,76.93,77.15,75.53,-,-1.33%
27-Mar-19,76.96,77.76,77.78,76.61,-,-1.18%
26-Mar-19,77.88,77.53,77.98,77.43,-,0.15%
25-Mar-19,77.76,76.72,77.76,76.18,-,1.53%
22-Mar-19,76.59,76.97,77.58,76.06,-,-0.74%
21-Mar-19,77.16,75.67,77.83,75.38,-,2.17%
20-Mar-19,75.52,75.5,75.88,75.17,-,-0.15%
19-Mar-19,75.63,75.23,76.35,75.22,-,0.44%
18-Mar-19,75.3,75.59,75.91,74.95,-,-0.28%
15-Mar-19,75.51,74.33,75.83,74.33,-,1.57%
14-Mar-19,74.34,75.63,75.88,74.03,-,-1.85%
13-Mar-19,75.74,74.86,75.98,74.72,-,1.22%
12-Mar-19,74.83,73.21,75,73.18,-,2.20%
11-Mar-19,73.22,73.31,73.85,73.06,-,-0.15%
8-Mar-19,73.33,73.18,73.78,72.52,-,0.29%
7-Mar-19,73.12,74.34,74.63,73.06,-,-1.63%
6-Mar-19,74.33,74.52,74.89,74.05,-,-0.31%
5-Mar-19,74.56,73.11,74.7,73.11,-,1.94%
4-Mar-19,73.14,74.01,74.63,73.12,-,-1.02%
1-Mar-19,73.89,72.61,73.95,72.61,-,1.54%
28-Feb-19,72.77,72.32,73.13,72.08,-,0.46%
27-Feb-19,72.44,71.94,72.74,71.92,-,0.64%
26-Feb-19,71.98,72.78,73.03,71.91,-,-1.53%
25-Feb-19,73.1,73.56,73.82,72.87,-,0.25%
22-Feb-19,72.92,74.13,75.16,71.88,-,-1.42%
21-Feb-19,73.97,72.1,74.34,71.91,-,2.52%
20-Feb-19,72.15,72.1,72.67,72.07,-,-0.10%
19-Feb-19,72.22,72.08,72.77,71.94,-,0.46%
18-Feb-19,71.89,71.89,71.89,71.89,-,2.38%
15-Feb-19,70.22,70.09,70.5,69.71,-,0.14%
14-Feb-19,70.12,69.78,70.39,69.54,-,0.44%
13-Feb-19,69.81,69.75,70.63,69.66,-,0.01%
12-Feb-19,69.8,70.63,70.92,69.72,-,-0.96%
11-Feb-19,70.48,72.45,72.7,70.31,-,-2.76%
8-Feb-19,72.48,72.76,73.02,72.47,-,-0.40%
7-Feb-19,72.77,73.65,73.86,72.48,-,-1.26%
6-Feb-19,73.7,73.42,74.11,73.09,-,0.29%
5-Feb-19,73.49,72.81,73.75,72.66,-,1.06%
4-Feb-19,72.72,73.69,73.87,72.67,-,-1.24%
1-Feb-19,73.63,74.35,74.73,73.58,-,-0.82%
31-Jan-19,74.24,74.22,74.85,74,-,-0.23%
30-Jan-19,74.41,74.01,74.53,73.75,-,0.32%
29-Jan-19,74.17,73.64,74.45,73.5,-,0.57%
28-Jan-19,73.75,74.06,74.13,73.16,-,-0.57%
25-Jan-19,74.17,73.39,74.22,73.31,-,1.34%
24-Jan-19,73.19,73.53,73.9,73.03,-,-0.54%
23-Jan-19,73.59,73.19,74.27,73.03,-,0.70%
22-Jan-19,73.08,74.22,74.28,72.77,-,-0.85%
21-Jan-19,73.71,73.71,73.71,73.71,-,-0.35%
18-Jan-19,73.97,74.3,74.63,73.77,-,-0.43%
17-Jan-19,74.29,73.38,74.6,73.35,-,1.42%
16-Jan-19,73.25,72.24,73.55,72.24,-,1.29%
15-Jan-19,72.32,72.93,73.46,72.25,-,-0.92%
14-Jan-19,72.99,72.62,73.58,72.43,-,0.65%
11-Jan-19,72.52,72.86,73.26,72.34,-,-0.47%
10-Jan-19,72.86,73.03,73.84,72.45,-,-0.36%
9-Jan-19,73.12,71.81,73.62,71.74,-,2.17%
8-Jan-19,71.57,72.94,73.85,71.55,-,-1.81%
7-Jan-19,72.89,72.63,73.9,72.55,-,0.57%
4-Jan-19,72.48,71.02,73.36,70.97,-,2.26%
3-Jan-19,70.88,70.82,71.99,70.66,-,0.16%
2-Jan-19,70.77,72.36,72.59,70.77,-,-2.08%
31-Dec-18,72.27,72.29,72.85,72.1,-,0.00%
28-Dec-18,72.27,72.18,72.86,72.06,-,0.33%
27-Dec-18,72.03,74.06,74.18,71.88,-,-1.92%
26-Dec-18,73.44,72.72,73.54,72.16,-,1.35%
24-Dec-18,72.46,73.72,73.78,72.41,-,-1.04%
21-Dec-18,73.22,75.31,75.6,73.07,-,-2.67%
20-Dec-18,75.23,76.67,77.38,75.03,-,-1.87%
19-Dec-18,76.66,77.67,78.02,76.64,-,-1.47%
18-Dec-18,77.8,78.34,78.63,77.77,-,-0.83%
17-Dec-18,78.45,79.41,79.79,77.91,-,-1.43%
14-Dec-18,79.59,79.36,79.94,78.63,-,0.16%
13-Dec-18,79.46,79.83,79.96,78.95,-,-0.60%
12-Dec-18,79.94,80.2,80.31,79.57,-,-0.10%
11-Dec-18,80.02,79.9,80.65,79.13,-,0.26%
10-Dec-18,79.81,80.12,80.6,79.38,-,-0.55%
7-Dec-18,80.25,79.04,80.93,78.81,-,1.52%
6-Dec-18,79.05,80.33,80.73,78.62,-,-2.48%
5-Dec-18,81.06,79.9,81.3,79.68,-,1.60%
4-Dec-18,79.78,79.62,80.37,79.32,-,-0.09%
3-Dec-18,79.85,80.64,81.85,79.82,-,1.29%
30-Nov-18,78.83,78.89,79.3,78.46,-,0.14%
29-Nov-18,78.72,78.75,79.19,78.03,-,-0.08%
28-Nov-18,78.78,77.75,79.04,77.69,-,1.23%
27-Nov-18,77.82,78.42,78.46,77.55,-,-0.74%
26-Nov-18,78.4,77.22,78.7,77.19,-,1.46%
23-Nov-18,77.27,77.79,77.96,77.22,-,-1.92%
21-Nov-18,78.78,77.38,79.39,77.26,-,1.77%
20-Nov-18,77.41,78.06,78.37,77.41,-,-0.87%
19-Nov-18,78.09,78.72,79.01,77.66,-,-0.27%
16-Nov-18,78.3,78.15,79.33,78.06,-,0.10%
15-Nov-18,78.22,78.27,78.79,77.81,-,-0.15%
14-Nov-18,78.34,77.91,78.67,77.84,-,0.82%
13-Nov-18,77.7,78.35,78.62,77.51,-,-0.77%
12-Nov-18,78.3,79.13,79.73,78.22,-,0.17%
9-Nov-18,78.17,79.09,79.18,77.21,-,-1.04%
8-Nov-18,78.99,79.2,80.48,78.7,-,0.15%
7-Nov-18,78.87,77.39,79.74,77.21,-,1.85%
6-Nov-18,77.44,78.66,79.16,76.84,-,-1.73%
5-Nov-18,78.8,78.82,79.4,78.3,-,0.03%
2-Nov-18,78.78,78.95,79.77,78.31,-,-0.37%
1-Nov-18,79.07,76.9,79.54,76.56,-,2.89%
31-Oct-18,76.85,76.86,77.02,76.5,-,-0.04%
30-Oct-18,76.88,77.15,77.5,76.56,-,-0.36%
29-Oct-18,77.16,79.38,79.48,77.1,-,-1.77%
26-Oct-18,78.55,77.83,78.74,77.17,-,1.11%
25-Oct-18,77.69,76.91,77.74,76.15,-,0.82%
24-Oct-18,77.06,78.95,79.49,77.02,-,-2.46%
23-Oct-18,79,79.89,79.99,78.2,-,-1.26%
22-Oct-18,80.01,77.79,80.14,77.77,-,2.70%
19-Oct-18,77.91,78.09,78.15,77.53,-,-0.15%
18-Oct-18,78.03,77.98,78.39,77.34,-,0.21%
17-Oct-18,77.87,78.22,78.6,77.67,-,-0.68%
16-Oct-18,78.4,78.98,78.98,78.26,-,-0.44%
15-Oct-18,78.75,79.14,79.14,77.87,-,0.50%
12-Oct-18,78.36,77.13,78.84,77.05,-,2.10%
11-Oct-18,76.75,76.9,77.7,76.22,-,-0.08%
10-Oct-18,76.81,77.11,77.57,76.51,-,-0.21%
9-Oct-18,76.97,77.38,77.89,76.28,-,-0.76%
8-Oct-18,77.56,76.3,77.6,76.28,-,1.93%
5-Oct-18,76.09,76.12,76.71,76.01,-,0.13%
4-Oct-18,75.99,76.61,76.76,75.64,-,-0.59%
3-Oct-18,76.44,76.34,76.83,76.07,-,0.28%
2-Oct-18,76.23,76.22,76.79,75.76,-,-0.09%
1-Oct-18,76.3,76.36,77.15,75.38,-,-0.10%
28-Sep-18,76.38,77.69,77.88,76.28,-,-1.71%
27-Sep-18,77.71,78.52,78.53,77.33,-,-1.08%
26-Sep-18,78.56,79.2,79.6,78.42,-,-0.52%
25-Sep-18,78.97,78.76,79.21,78.11,-,0.52%
24-Sep-18,78.56,79.24,79.3,78.31,-,-0.73%
21-Sep-18,79.14,78.29,79.21,78.02,-,0.87%
20-Sep-18,78.46,78.74,78.98,78.19,-,-0.33%
19-Sep-18,78.72,78.37,79.32,77.91,-,0.13%
18-Sep-18,78.62,81.23,81.62,78.36,-,-3.34%
17-Sep-18,81.34,81.75,82.36,81.31,-,-0.61%
14-Sep-18,81.84,81.45,81.98,81.39,-,0.42%
13-Sep-18,81.5,82.38,82.4,81.41,-,-1.42%
12-Sep-18,82.67,82.98,83.44,81.6,-,-0.27%
11-Sep-18,82.89,83.81,83.89,81.97,-,-1.19%
10-Sep-18,83.89,83.21,83.9,82.64,-,2.30%
7-Sep-18,82,81.28,83.4,81.21,-,0.87%
6-Sep-18,81.29,81.77,82.07,81.24,-,-0.57%
5-Sep-18,81.76,82.69,82.97,81.46,-,-1.23%
4-Sep-18,82.78,82.83,83.02,81.35,-,0.60%
31-Aug-18,82.29,82.21,82.96,82.06,-,0.06%
30-Aug-18,82.24,82.92,83.19,81.91,-,-0.63%
29-Aug-18,82.76,84.23,84.25,82.16,-,-0.96%
28-Aug-18,83.56,83.18,83.9,82.66,-,0.42%
27-Aug-18,83.21,81.46,83.52,81.35,-,1.89%
24-Aug-18,81.67,81.51,83.2,81.37,-,0.21%
23-Aug-18,81.5,82.27,82.34,81.14,-,-0.98%
22-Aug-18,82.31,83.37,83.61,82.04,-,-1.14%
21-Aug-18,83.26,82.85,84.05,82.54,-,0.65%
20-Aug-18,82.72,81.42,83.17,81.4,-,1.58%
17-Aug-18,81.43,81.57,81.91,81.1,-,-0.42%
16-Aug-18,81.77,80.8,82.2,80.63,-,1.15%
15-Aug-18,80.84,83.14,83.41,80.69,-,-2.67%
14-Aug-18,83.06,82.72,83.44,82.51,-,0.16%
13-Aug-18,82.93,85.17,85.17,82.02,-,-2.68%
10-Aug-18,85.21,87.24,87.67,85.16,-,-2.35%
9-Aug-18,87.26,87.18,87.38,86.85,-,0.08%
8-Aug-18,87.19,87.92,88.32,87.14,-,-0.84%
7-Aug-18,87.93,88.83,89.17,87.08,-,-0.50%
6-Aug-18,88.37,87.34,88.65,87.28,-,0.23%
3-Aug-18,88.17,88.69,89.1,86.77,-,-0.74%
2-Aug-18,88.83,88.07,88.87,87.71,-,0.55%
1-Aug-18,88.34,89.21,89.97,88.32,-,-1.35%
31-Jul-18,89.55,89.34,89.82,88.96,-,0.47%
30-Jul-18,89.13,88.44,89.76,87.78,-,0.93%
27-Jul-18,88.31,88.13,88.58,87.33,-,0.15%
26-Jul-18,88.18,88.21,88.31,87.06,-,0.24%
25-Jul-18,87.97,86.87,88.59,86.85,-,1.49%
24-Jul-18,86.68,86.66,87.34,86.12,-,-0.20%
23-Jul-18,86.85,86.96,87.18,86.37,-,-0.30%
20-Jul-18,87.11,87.86,87.96,86.21,-,-0.55%
19-Jul-18,87.59,88.19,88.44,87.33,-,-0.57%
18-Jul-18,88.09,88.42,88.79,87.88,-,-0.24%
17-Jul-18,88.3,87.67,88.48,86.83,-,0.56%
16-Jul-18,87.81,88.12,88.28,87.24,-,-0.06%
13-Jul-18,87.86,88.71,88.91,86.72,-,-0.77%
12-Jul-18,88.54,84.61,88.54,84.48,-,4.66%
11-Jul-18,84.6,85.08,85.79,84.36,-,-2.07%
10-Jul-18,86.39,85.49,86.41,85.15,-,1.12%
9-Jul-18,85.43,84.27,85.69,84.26,-,1.26%
6-Jul-18,84.37,81.87,84.73,81.8,-,2.78%
5-Jul-18,82.09,82.4,83.46,81.81,-,-0.83%
3-Jul-18,82.78,83.31,83.65,82.62,-,-0.23%
2-Jul-18,82.97,84.22,85.03,82.86,-,-2.82%
29-Jun-18,85.38,84.94,87.06,84.37,-,0.70%
28-Jun-18,84.79,85.83,85.96,84.52,-,-1.22%
27-Jun-18,85.84,85.75,86,85.3,-,0.28%
26-Jun-18,85.6,86.02,86.38,85.48,-,-0.58%
25-Jun-18,86.1,86.38,87.27,85.34,-,0.34%
22-Jun-18,85.81,83.19,85.82,83.12,-,3.20%
21-Jun-18,83.15,83.38,84.17,83.02,-,-0.16%
20-Jun-18,83.28,83.15,85.7,83.11,-,-0.06%
19-Jun-18,83.33,87.57,88.2,83.32,-,-4.73%
18-Jun-18,87.47,90.53,90.55,86.81,-,-3.36%
15-Jun-18,90.51,93.01,93.09,90.5,-,-3.04%
14-Jun-18,93.35,93.64,94.5,92.61,-,-0.44%
13-Jun-18,93.76,95.19,95.66,93.23,-,-1.56%
12-Jun-18,95.25,95.12,95.84,94.69,-,0.44%
11-Jun-18,94.83,95.16,96.49,94.01,-,-0.06%
8-Jun-18,94.89,93.94,95.84,93.6,-,0.86%
7-Jun-18,94.08,91.11,94.92,90.45,-,3.43%
6-Jun-18,90.96,89.85,91.71,89.36,-,1.29%
5-Jun-18,89.8,92.72,92.72,89.75,-,-2.55%
4-Jun-18,92.15,93.34,94.5,92.08,-,-1.44%
1-Jun-18,93.5,93.12,94.49,92.73,-,0.44%
31-May-18,93.09,92.44,93.73,91.77,-,0.64%
30-May-18,92.5,94.65,96.3,91.22,-,-0.76%
29-May-18,93.21,89.62,93.21,89.59,-,4.31%
25-May-18,89.36,87.32,89.69,87.15,-,2.25%
24-May-18,87.39,87.06,87.85,86.65,-,0.52%
23-May-18,86.94,87.36,87.74,86.73,-,-0.39%
22-May-18,87.28,88.65,89.87,86.64,-,-1.49%
21-May-18,88.6,87.17,88.72,87.16,-,2.42%
18-May-18,86.51,85.06,87.59,85.06,-,1.85%
17-May-18,84.94,84.46,85.68,84.06,-,0.69%
16-May-18,84.36,83.85,85.38,83.64,-,0.69%
15-May-18,83.78,83.99,84.35,83.37,-,-0.13%
14-May-18,83.89,84.66,84.89,83.5,-,-0.70%
11-May-18,84.48,84.75,84.95,83.51,-,-0.07%
10-May-18,84.54,86.17,86.17,84.06,-,-1.48%
9-May-18,85.81,85.47,86.05,85.21,-,0.42%
8-May-18,85.45,86.11,86.88,85.12,-,-0.73%
7-May-18,86.08,87,88.08,85.92,-,-0.98%
4-May-18,86.93,84.55,87.06,84.03,-,2.95%
3-May-18,84.44,84.69,85.11,83.84,-,-0.39%
2-May-18,84.77,84.55,85.1,84.15,-,0.38%
1-May-18,84.45,83.87,84.69,83.62,-,0.68%
30-Apr-18,83.88,84.58,84.73,83.34,-,-0.66%
27-Apr-18,84.44,84.22,84.78,83.99,-,0.42%
26-Apr-18,84.09,83.93,84.94,83.61,-,0.24%
25-Apr-18,83.89,81.75,84.53,81.58,-,2.38%
24-Apr-18,81.94,84.08,84.55,81.51,-,-2.85%
23-Apr-18,84.34,84.87,85.39,84.06,-,-1.47%
20-Apr-18,85.6,82.97,85.63,82.97,-,3.27%
19-Apr-18,82.89,82.62,83.14,82.56,-,0.30%
18-Apr-18,82.64,83.09,83.34,82.5,-,-0.51%
17-Apr-18,83.06,83.3,83.58,82.06,-,-0.32%
16-Apr-18,83.33,83.55,84.03,83.01,-,-0.20%
13-Apr-18,83.5,83.81,84.45,83.06,-,-0.41%
12-Apr-18,83.84,83.79,83.97,83.19,-,0.14%
11-Apr-18,83.72,83.61,84.03,83.32,-,0.17%
10-Apr-18,83.58,82.8,83.58,82.33,-,0.88%
9-Apr-18,82.85,82.77,83.69,82.71,-,0.19%
6-Apr-18,82.69,82.06,83.44,81.84,-,0.07%
5-Apr-18,82.63,79.55,82.64,79.5,-,3.85%
4-Apr-18,79.57,82.06,82.31,78.63,-,-3.01%
3-Apr-18,82.04,81.04,82.8,81,-,1.25%
2-Apr-18,81.03,81.71,82.7,80.93,-,-0.67%
29-Mar-18,81.58,80.75,82.19,80.69,-,0.97%
28-Mar-18,80.8,81.93,82.13,80.68,-,-1.49%
27-Mar-18,82.02,81.89,82.74,81.72,-,0.32%
26-Mar-18,81.76,82,82.56,81.53,-,-0.05%
23-Mar-18,81.8,82.25,82.38,81.4,-,-0.44%
22-Mar-18,82.16,82.72,83.16,81.78,-,-0.65%
21-Mar-18,82.7,82.75,83.85,82.55,-,-0.36%
20-Mar-18,83,81.2,83.35,80.97,-,2.13%
19-Mar-18,81.27,82.92,82.95,81.2,-,-1.86%
16-Mar-18,82.81,83.63,83.69,82.45,-,-0.92%
15-Mar-18,83.58,83.55,83.85,82.68,-,0.29%
14-Mar-18,83.34,83.31,83.87,82.44,-,0.35%
13-Mar-18,83.05,83.14,84.17,82.1,-,-0.19%
12-Mar-18,83.21,84.34,85.02,82.89,-,-1.49%
9-Mar-18,84.47,85.09,85.55,84.25,-,-0.57%
8-Mar-18,84.95,83.09,85.25,83.09,-,2.31%
7-Mar-18,83.03,82.55,83.75,81.81,-,0.65%
6-Mar-18,82.49,84.89,86.59,81.78,-,-2.79%
5-Mar-18,84.86,82.34,85.3,82.26,-,3.30%
2-Mar-18,82.15,81.53,82.22,81.11,-,0.53%
1-Mar-18,81.72,82.78,83.05,80.69,-,-1.40%
28-Feb-18,82.88,82.27,83.05,81.83,-,0.61%
27-Feb-18,82.38,82.12,82.42,81.17,-,0.32%
26-Feb-18,82.12,81.33,82.44,81.05,-,0.86%
23-Feb-18,81.42,79.44,81.42,79.38,-,2.40%
22-Feb-18,79.51,80.23,80.28,79.25,-,-0.97%
21-Feb-18,80.29,78.88,80.52,78.78,-,1.54%
20-Feb-18,79.07,77.03,79.34,77.03,-,4.56%
16-Feb-18,75.62,75.36,75.87,75.14,-,0.31%
15-Feb-18,75.39,75.58,76.28,75.11,-,-0.28%
14-Feb-18,75.6,76.32,76.32,75.42,-,-0.75%
13-Feb-18,76.17,76.43,76.52,75.67,-,-0.26%
12-Feb-18,76.37,76.49,77.47,76.11,-,-0.50%
9-Feb-18,76.75,76.88,77.23,75.75,-,-0.29%
8-Feb-18,76.97,75.95,77.51,75.91,-,1.20%
7-Feb-18,76.06,76.34,76.92,75.83,-,-0.33%
6-Feb-18,76.31,76.6,76.78,75.86,-,-0.40%
5-Feb-18,76.62,77.38,77.89,76.46,-,-0.97%
2-Feb-18,77.37,78.42,78.83,77.25,-,-1.20%
1-Feb-18,78.31,77.2,79.92,77.18,-,1.45%
31-Jan-18,77.19,77.16,78.19,76.53,-,0.08%
30-Jan-18,77.13,78.32,78.93,76.98,-,-1.67%
29-Jan-18,78.44,80.59,80.62,78.16,-,-2.60%
26-Jan-18,80.53,81.9,81.98,80.32,-,-1.65%
25-Jan-18,81.88,82.22,82.83,81.78,-,-0.52%
24-Jan-18,82.31,82.19,82.73,81.62,-,0.13%
23-Jan-18,82.2,83.5,83.66,82.03,-,-1.44%
22-Jan-18,83.4,83.39,83.95,83,-,-0.04%
19-Jan-18,83.43,82.49,83.75,82.39,-,0.93%
18-Jan-18,82.66,81.98,83.94,81.84,-,0.68%
17-Jan-18,82.1,81.2,82.22,80.97,-,1.01%
16-Jan-18,81.28,81.73,82.06,80.63,-,-0.36%
12-Jan-18,81.57,82.93,84.65,80.33,-,-1.31%
11-Jan-18,82.65,79.53,82.65,79.43,-,3.81%
10-Jan-18,79.62,78.44,79.92,78.37,-,1.58%
9-Jan-18,78.38,78.1,78.69,78.05,-,0.14%
8-Jan-18,78.27,78.09,78.8,77.94,-,0.42%
5-Jan-18,77.94,79.22,80.05,77.81,-,-1.59%
4-Jan-18,79.2,78.08,79.39,78.06,-,1.42%
3-Jan-18,78.09,77.56,78.29,77.39,-,0.48%
2-Jan-18,77.72,78.66,79.28,77.31,-,-0.96%
29-Dec-17,78.47,78.78,78.91,78.22,-,-0.39%
28-Dec-17,78.78,78.8,79.44,78.6,-,-0.23%
27-Dec-17,78.96,77.72,78.98,77.27,-,1.81%
26-Dec-17,77.56,77.96,78.16,77.18,-,-0.44%
22-Dec-17,77.9,77.36,78.03,77.01,-,0.35%
21-Dec-17,77.63,75.59,78.06,75.44,-,2.52%
20-Dec-17,75.72,74.99,75.95,74.95,-,0.91%
19-Dec-17,75.04,75.34,75.91,74.94,-,-0.25%
18-Dec-17,75.23,75.94,76.43,75.13,-,-0.83%
15-Dec-17,75.86,75.15,76.75,75.06,-,0.73%
14-Dec-17,75.31,74.04,75.55,73.91,-,1.55%
13-Dec-17,74.16,72.94,74.22,72.93,-,1.53%
12-Dec-17,73.04,72.84,74.19,72.78,-,0.27%
11-Dec-17,72.84,73.66,73.83,72.81,-,-1.19%
8-Dec-17,73.72,74.15,74.27,73.62,-,-0.62%
7-Dec-17,74.18,72.77,74.26,72.11,-,2.02%
6-Dec-17,72.71,72.49,73.27,72.46,-,0.21%
5-Dec-17,72.56,72.53,73.15,72.16,-,-0.06%
4-Dec-17,72.6,73.31,73.35,72.51,-,-0.85%
1-Dec-17,73.22,72.8,73.41,72.67,-,0.60%
30-Nov-17,72.78,73.19,73.45,72.29,-,-0.86%
29-Nov-17,73.41,72.08,73.46,71.77,-,1.63%
28-Nov-17,72.23,71.31,72.29,71.03,-,1.11%
27-Nov-17,71.44,71.96,72.39,71.21,-,-0.70%
24-Nov-17,71.94,71.16,72.06,71.07,-,1.05%
22-Nov-17,71.19,70.06,71.75,69.91,-,1.60%
21-Nov-17,70.07,70.66,71.34,69.55,-,-1.05%
20-Nov-17,70.81,69.85,70.92,69.43,-,1.33%
17-Nov-17,69.88,69.23,70.08,69.23,-,0.88%
16-Nov-17,69.27,68.96,69.5,68.81,-,0.60%
15-Nov-17,68.86,68.6,68.91,68.6,-,0.32%
14-Nov-17,68.64,68.93,69.38,68.6,-,-0.41%
13-Nov-17,68.92,69.14,69.68,68.86,-,-0.22%
10-Nov-17,69.07,68.39,69.18,68.37,-,1.07%
9-Nov-17,68.34,68.72,69.47,68.19,-,-0.60%
8-Nov-17,68.75,68.1,69.15,68.07,-,0.87%
7-Nov-17,68.16,68.76,68.89,68.02,-,-0.92%
6-Nov-17,68.79,68.83,69.11,68.25,-,0.19%
3-Nov-17,68.66,69.08,69.37,68.36,-,-0.64%
2-Nov-17,69.1,68.38,69.3,68.12,-,1.20%
1-Nov-17,68.28,68.72,69.05,68.11,-,-0.39%
31-Oct-17,68.55,68.73,68.89,68.12,-,-0.20%
30-Oct-17,68.69,68.06,69.2,67.97,-,0.67%
27-Oct-17,68.23,68.36,68.39,67.81,-,0.10%
26-Oct-17,68.16,69.19,69.27,68.1,-,-1.50%
25-Oct-17,69.2,69.66,69.9,69.13,-,-0.53%
24-Oct-17,69.57,69.5,70.19,69.03,-,-0.22%
23-Oct-17,69.72,66.94,69.78,66.92,-,4.31%
20-Oct-17,66.84,67.33,67.53,66.84,-,-0.76%
19-Oct-17,67.35,67.8,67.86,67.27,-,-0.53%
18-Oct-17,67.71,67.88,68.16,67.55,-,-0.13%
17-Oct-17,67.8,67.63,68.59,67.47,-,0.22%
16-Oct-17,67.65,68.65,68.88,67.53,-,-1.50%
13-Oct-17,68.68,67.75,68.94,67.67,-,1.18%
12-Oct-17,67.88,68.77,69.12,67.66,-,-1.22%
11-Oct-17,68.72,69.28,69.46,68.47,-,-0.28%
10-Oct-17,68.91,69.03,69.88,68.62,-,-0.09%
9-Oct-17,68.97,68.72,69.06,68.06,-,0.44%
6-Oct-17,68.67,68.22,69.19,67.81,-,0.64%
5-Oct-17,68.23,69.12,69.46,68.1,-,-1.00%
4-Oct-17,68.92,67.6,69.97,67.6,-,2.03%
3-Oct-17,67.55,67.57,68.34,67.41,-,-0.07%
2-Oct-17,67.6,68.63,68.8,67.56,-,-1.20%
29-Sep-17,68.42,69.03,69.2,68.33,-,-0.83%
28-Sep-17,68.99,68.72,69.29,68.27,-,0.39%
27-Sep-17,68.72,68.86,69.09,68.19,-,-0.16%
26-Sep-17,68.83,69.52,69.71,68.53,-,-0.92%
25-Sep-17,69.47,68.64,69.53,68.34,-,1.37%
22-Sep-17,68.53,68.16,68.75,67.87,-,0.45%
21-Sep-17,68.22,69.38,69.49,68.19,-,-1.57%
20-Sep-17,69.31,69.64,69.73,69.06,-,-0.09%
19-Sep-17,69.37,69.53,69.87,68.84,-,-0.06%
18-Sep-17,69.41,68.82,69.94,68.82,-,0.64%
15-Sep-17,68.97,69.16,69.19,68.64,-,-0.29%
14-Sep-17,69.17,69.28,69.44,68.44,-,-0.19%
13-Sep-17,69.3,68.98,69.36,68.33,-,0.22%
12-Sep-17,69.15,72.09,72.09,69.14,-,-4.25%
11-Sep-17,72.22,75.33,75.33,72.06,-,-3.07%
8-Sep-17,74.51,74.58,75.75,74.09,-,0.27%
7-Sep-17,74.31,74.41,74.42,73.42,-,-0.30%
6-Sep-17,74.53,75.09,75.63,74.25,-,-0.47%
5-Sep-17,74.88,72.08,74.88,72.07,-,4.38%
1-Sep-17,71.74,71.04,71.95,70.56,-,1.04%
31-Aug-17,71,70.77,71,70.28,-,0.24%
30-Aug-17,70.83,70,70.94,69.84,-,1.29%
29-Aug-17,69.93,69.87,70.46,69.36,-,0.14%
28-Aug-17,69.83,68.62,69.94,68.56,-,2.53%
25-Aug-17,68.11,69.83,70,67.66,-,-2.44%
24-Aug-17,69.81,68.98,69.88,68.56,-,1.32%
23-Aug-17,68.9,67.94,69.45,67.93,-,1.47%
22-Aug-17,67.9,67.45,67.94,67.35,-,0.73%
21-Aug-17,67.41,67.31,67.8,67.22,-,0.33%
18-Aug-17,67.19,66.93,67.5,66.69,-,0.49%
17-Aug-17,66.86,66.97,67.07,66.65,-,0.01%
16-Aug-17,66.85,67.22,67.4,66.77,-,-0.52%
15-Aug-17,67.2,67.82,67.89,67.09,-,-0.81%
14-Aug-17,67.75,68.45,68.55,67.58,-,-0.65%
11-Aug-17,68.19,68.06,69.15,67.76,-,-1.00%
10-Aug-17,68.88,71.1,71.17,68.88,-,-3.20%
9-Aug-17,71.16,71.18,71.2,70.41,-,0.00%
8-Aug-17,71.16,70.55,71.19,70.32,-,0.91%
7-Aug-17,70.52,70.72,70.94,70.45,-,-0.09%
4-Aug-17,70.58,70.28,70.81,70.23,-,0.60%
3-Aug-17,70.16,70.28,70.58,70,-,-0.13%
2-Aug-17,70.25,69.41,70.39,69.23,-,1.36%
1-Aug-17,69.31,68.88,69.38,68.33,-,0.55%
31-Jul-17,68.93,68.69,69.65,68.51,-,0.22%
28-Jul-17,68.78,68.89,69.25,68.31,-,-0.04%
27-Jul-17,68.81,68.56,69.69,68.03,-,0.58%
26-Jul-17,68.41,68.9,68.9,67.78,-,-0.62%
25-Jul-17,68.84,68.46,68.97,68.44,-,0.82%
24-Jul-17,68.28,68.14,68.65,67.86,-,-0.03%
21-Jul-17,68.3,68.96,69.18,67.52,-,-0.97%
20-Jul-17,68.97,68.14,69.25,68.13,-,1.26%
19-Jul-17,68.11,68.28,68.47,67.75,-,0.01%
18-Jul-17,68.1,67.9,68.41,66.79,-,0.56%
17-Jul-17,67.72,66.66,68.06,66.6,-,1.71%
14-Jul-17,66.58,66.44,66.86,66.3,-,0.30%
13-Jul-17,66.38,67.16,67.58,66.32,-,-1.15%
12-Jul-17,67.15,67.73,67.94,66.97,-,-0.65%
11-Jul-17,67.59,67.18,67.79,66.78,-,0.45%
10-Jul-17,67.29,68.62,68.72,67.28,-,-1.67%
7-Jul-17,68.43,68.12,68.91,67.97,-,0.38%
6-Jul-17,68.17,67.69,68.44,67.22,-,0.90%
5-Jul-17,67.56,67.75,67.75,66.56,-,-0.46%
3-Jul-17,67.87,68.48,68.63,67.22,-,-1.14%
30-Jun-17,68.65,67.18,68.66,66.88,-,2.14%
29-Jun-17,67.21,67.66,67.75,67.05,-,-0.61%
28-Jun-17,67.62,67.75,67.9,66.86,-,0.13%
27-Jun-17,67.53,67.47,68.11,67.11,-,0.07%
26-Jun-17,67.48,67.26,67.72,66.16,-,-7.55%
23-Jun-17,72.99,71.15,73.11,71.04,-,2.67%
22-Jun-17,71.09,70.96,71.41,70.69,-,0.11%
21-Jun-17,71.01,71.34,71.95,70.77,-,-0.38%
20-Jun-17,71.28,71.69,71.7,70.81,-,-0.07%
19-Jun-17,71.33,71.93,73.38,71.16,-,-0.81%
16-Jun-17,71.91,72.02,72.53,70.91,-,-0.12%
15-Jun-17,72,73.44,73.46,71.28,-,-2.04%
14-Jun-17,73.5,74.5,74.82,73.42,-,-1.34%
13-Jun-17,74.5,75.09,75.13,74.31,-,-0.83%
12-Jun-17,75.12,75.73,75.75,75.09,-,-0.71%
9-Jun-17,75.66,76.47,76.5,75.56,-,-1.03%
8-Jun-17,76.45,75.85,76.72,75.62,-,0.80%
7-Jun-17,75.84,76.08,76.73,75.66,-,-0.33%
6-Jun-17,76.09,76.35,76.66,75.91,-,-0.42%
5-Jun-17,76.41,76.78,77.02,76.28,-,-0.37%
2-Jun-17,76.69,77.6,77.77,76.58,-,-1.13%
1-Jun-17,77.57,76.93,77.8,76.81,-,0.83%
31-May-17,76.93,77.21,77.31,76.72,-,-0.52%
30-May-17,77.33,77.12,77.66,76.92,-,0.21%
26-May-17,77.17,77.25,77.59,77.02,-,-0.10%
25-May-17,77.25,77.44,78.12,77.1,-,-0.26%
24-May-17,77.45,77.26,78.72,77.1,-,0.30%
23-May-17,77.22,78.42,78.43,77.11,-,-1.56%
22-May-17,78.44,79.33,79.33,78.31,-,-1.26%
19-May-17,79.44,79.3,79.5,78.43,-,0.24%
18-May-17,79.25,80.53,80.65,78.86,-,-1.31%
17-May-17,80.3,81.21,83.03,79.66,-,-1.45%
16-May-17,81.48,85.06,85.18,81.32,-,-4.78%
15-May-17,85.57,83.98,87.18,82.57,-,4.19%
12-May-17,82.13,79.2,82.13,79.2,-,3.76%
11-May-17,79.15,76.37,79.21,76.19,-,3.60%
10-May-17,76.4,77.55,77.56,76.37,-,-1.32%
9-May-17,77.42,77.16,77.82,77.12,-,0.19%
8-May-17,77.27,77.75,77.75,77.06,-,-0.69%
5-May-17,77.81,79,79.02,77.72,-,-1.44%
4-May-17,78.95,78.94,79.33,78.69,-,0.18%
3-May-17,78.81,79.4,79.43,78.64,-,-0.44%
2-May-17,79.16,78.97,79.16,78.39,-,0.27%
1-May-17,78.95,78.78,79.2,78.52,-,0.23%
28-Apr-17,78.77,77.92,78.97,77.66,-,1.05%
27-Apr-17,77.95,79.22,79.35,77.86,-,-1.49%
26-Apr-17,79.13,79.42,79.75,78.74,-,-0.31%
25-Apr-17,79.38,78.81,79.41,77.98,-,0.76%
24-Apr-17,78.78,79.39,79.63,77.8,-,-0.89%
21-Apr-17,79.49,79.97,80.25,78.44,-,-0.93%
20-Apr-17,80.24,77.8,80.42,77.69,-,3.24%
19-Apr-17,77.72,76.96,77.75,76.58,-,1.05%
18-Apr-17,76.91,77.25,77.43,76.28,-,-0.30%
17-Apr-17,77.14,75.66,77.17,75.56,-,1.92%
13-Apr-17,75.69,74.76,75.69,74.67,-,1.30%
12-Apr-17,74.72,74.96,75.16,74.59,-,-0.27%
11-Apr-17,74.92,75.11,75.66,74.41,-,-0.39%
10-Apr-17,75.21,73.48,75.28,73.42,-,2.33%
7-Apr-17,73.5,74.53,74.59,73.39,-,-1.45%
6-Apr-17,74.58,74.87,75.06,74.5,-,-0.39%
5-Apr-17,74.87,74.73,75.19,74.72,-,0.08%
4-Apr-17,74.81,75.44,75.7,74.58,-,-0.91%
3-Apr-17,75.5,77.33,78.07,75.45,-,-2.37%
31-Mar-17,77.33,76.25,77.4,75.81,-,1.46%
30-Mar-17,76.22,76.17,76.55,76.11,-,0.13%
29-Mar-17,76.12,76.97,77.08,76.11,-,-1.05%
28-Mar-17,76.93,76.98,77.48,76.71,-,-0.09%
27-Mar-17,77,77.5,77.72,76.91,-,-0.61%
24-Mar-17,77.47,77.25,78.15,77.2,-,0.13%
23-Mar-17,77.37,77.52,77.95,77.23,-,-0.01%
22-Mar-17,77.38,76.77,78.16,76.69,-,0.74%
21-Mar-17,76.81,77.33,77.46,76.7,-,-0.74%
20-Mar-17,77.38,78.36,78.72,77.31,-,-1.28%
17-Mar-17,78.38,78.02,78.59,77.91,-,0.37%
16-Mar-17,78.09,78.16,78.89,78.04,-,-0.06%
15-Mar-17,78.14,77.41,78.24,77.25,-,1.27%
14-Mar-17,77.16,76.95,77.32,76.81,-,0.42%
13-Mar-17,76.84,77.19,77.58,76.83,-,-0.60%
10-Mar-17,77.3,77.87,77.88,77.16,-,-0.69%
9-Mar-17,77.84,78.17,78.57,77.12,-,-0.40%
8-Mar-17,78.15,77.98,78.29,77.63,-,0.17%
7-Mar-17,78.02,79.16,79.36,77.68,-,-1.49%
6-Mar-17,79.2,78.2,79.46,78.14,-,1.62%
3-Mar-17,77.94,76.77,78.12,76.69,-,1.43%
2-Mar-17,76.84,77.72,79.17,76.36,-,-1.37%
1-Mar-17,77.91,76.41,77.98,76.18,-,2.10%
28-Feb-17,76.31,76.33,76.87,76.12,-,0.25%
27-Feb-17,76.12,76.66,77.14,76.05,-,-0.61%
24-Feb-17,76.59,76.17,77.14,76.17,-,0.60%
23-Feb-17,76.13,75.55,76.64,75.47,-,0.87%
22-Feb-17,75.47,75.75,76.18,75.45,-,-0.28%
21-Feb-17,75.68,75.75,75.92,75.43,-,3.09%
17-Feb-17,73.41,75.1,75.13,73.03,-,-2.16%
16-Feb-17,75.03,75.76,75.84,75.02,-,-0.94%
15-Feb-17,75.74,76.34,76.56,75.63,-,-0.89%
14-Feb-17,76.42,76.64,76.72,75.92,-,-0.37%
13-Feb-17,76.7,76,76.94,75.88,-,1.13%
10-Feb-17,75.84,75.69,76.22,75.57,-,0.24%
9-Feb-17,75.66,75.33,76.15,75.29,-,0.57%
8-Feb-17,75.23,75.18,75.72,75.09,-,0.17%
7-Feb-17,75.1,75.69,76.08,75.06,-,-0.74%
6-Feb-17,75.66,76.48,76.5,75.58,-,-0.89%
3-Feb-17,76.34,76.81,77.15,76.22,-,-0.65%
2-Feb-17,76.84,76.36,77.38,75.75,-,0.59%
1-Feb-17,76.39,75.01,76.54,74.9,-,1.89%
31-Jan-17,74.97,74.24,75.13,74.14,-,1.17%
30-Jan-17,74.1,74.83,75.28,74.07,-,-1.07%
27-Jan-17,74.9,74.25,74.95,74.22,-,0.88%
26-Jan-17,74.25,73.97,74.92,73.69,-,0.50%
25-Jan-17,73.88,73.36,74.17,73.14,-,0.52%
24-Jan-17,73.5,74.69,75,72.55,-,-1.67%
23-Jan-17,74.75,72.98,74.94,72.98,-,2.40%
20-Jan-17,73,72.83,73.42,72.75,-,0.30%
19-Jan-17,72.78,72.34,73.28,72.3,-,0.71%
18-Jan-17,72.27,72.19,72.55,72.03,-,0.18%
17-Jan-17,72.14,72.32,72.88,71.84,-,-0.15%
13-Jan-17,72.25,72.3,72.75,72.07,-,-0.19%
12-Jan-17,72.39,73.21,73.78,72.27,-,-1.07%
11-Jan-17,73.17,73.12,73.79,73,-,0.12%
10-Jan-17,73.08,73.05,73.69,72.84,-,0.10%
9-Jan-17,73.01,74.08,74.19,72.82,-,-1.26%
6-Jan-17,73.94,74.08,74.09,72.94,-,0.18%
5-Jan-17,73.81,74.07,75.28,73.62,-,0.46%
4-Jan-17,73.47,71.75,73.47,71.58,-,2.40%
3-Jan-17,71.75,71.28,71.85,71.13,-,1.50%
30-Dec-16,70.69,70.77,71.95,70.47,-,0.24%
29-Dec-16,70.52,69.75,71.12,69.67,-,0.99%
28-Dec-16,69.83,69.83,70,69.61,-,-0.01%
27-Dec-16,69.84,69.81,70.23,69.53,-,-0.06%
23-Dec-16,69.88,70.14,70.54,69.86,-,-0.34%
22-Dec-16,70.12,70.12,70.77,69.8,-,-0.20%
21-Dec-16,70.26,69.41,70.92,69.35,-,1.33%
20-Dec-16,69.34,69.56,69.81,69.34,-,-0.32%
19-Dec-16,69.56,70.94,71,69.55,-,-1.97%
16-Dec-16,70.96,71.69,71.69,70.91,-,-0.88%
15-Dec-16,71.59,71.37,71.77,71.14,-,0.10%
14-Dec-16,71.52,72.03,72.3,71.34,-,-0.67%
13-Dec-16,72,71.61,72.42,71.21,-,0.35%
12-Dec-16,71.75,70.74,71.78,70.67,-,1.46%
9-Dec-16,70.72,71.28,71.81,70.35,-,-1.06%
8-Dec-16,71.48,71.11,71.94,70.91,-,0.41%
7-Dec-16,71.19,71.26,71.47,70.46,-,-0.31%
6-Dec-16,71.41,70.96,71.68,70.87,-,0.51%
5-Dec-16,71.05,71.14,71.75,70.81,-,0.00%
2-Dec-16,71.05,70.62,71.84,70.06,-,0.32%
1-Dec-16,70.82,71.63,72.13,70.76,-,-1.09%
30-Nov-16,71.6,71.34,71.7,70.65,-,0.53%
29-Nov-16,71.22,72.08,72.09,70.88,-,-1.22%
28-Nov-16,72.1,71.22,72.3,70.83,-,1.28%
25-Nov-16,71.19,71.09,71.47,70.43,-,-0.78%
23-Nov-16,71.75,72.28,72.31,70.66,-,-0.61%
22-Nov-16,72.19,72.38,72.5,71.39,-,-0.21%
21-Nov-16,72.34,72.36,72.7,71.95,-,-1.23%
18-Nov-16,73.24,73.39,73.62,72.66,-,-0.30%
17-Nov-16,73.46,72.19,73.48,71.01,-,2.23%
16-Nov-16,71.86,70.59,71.87,70.41,-,1.57%
15-Nov-16,70.75,69.62,71.33,69.12,-,2.58%
14-Nov-16,68.97,68.9,69,68,-,0.50%
11-Nov-16,68.63,69.39,71.41,68.34,-,-0.92%
10-Nov-16,69.27,68.22,69.75,68.17,-,1.42%
9-Nov-16,68.3,68.78,69.17,67.88,-,-0.70%
8-Nov-16,68.78,68.57,70.1,68.22,-,0.45%
7-Nov-16,68.47,68.16,69.47,68.16,-,-0.04%
4-Nov-16,68.5,67.93,69.03,67.72,-,0.45%
3-Nov-16,68.19,68.48,69.19,67.84,-,-0.60%
2-Nov-16,68.6,68.23,68.75,68.09,-,0.56%
1-Nov-16,68.22,68.81,68.91,68.1,-,-0.94%
31-Oct-16,68.87,70.7,70.84,68.77,-,-2.82%
28-Oct-16,70.87,69.63,71.09,69.28,-,1.61%
27-Oct-16,69.75,69.1,70,68.8,-,0.56%
26-Oct-16,69.36,68.33,69.88,68.23,-,1.26%
25-Oct-16,68.5,68.94,69.13,68.1,-,-0.61%
24-Oct-16,68.92,68.98,69.16,68.55,-,-0.23%
21-Oct-16,69.08,69.87,69.91,68.63,-,-1.07%
20-Oct-16,69.83,71.14,71.78,68.97,-,-1.77%
19-Oct-16,71.09,71.19,71.28,70.23,-,0.13%
18-Oct-16,71,71.24,71.7,70.69,-,-0.32%
17-Oct-16,71.23,70.44,71.23,69.88,-,0.86%
14-Oct-16,70.62,69.53,70.73,69.33,-,1.85%
13-Oct-16,69.34,68.78,70.05,68.41,-,0.54%
12-Oct-16,68.97,67.21,69.72,66.77,-,2.68%
11-Oct-16,67.17,67.65,68.03,67.03,-,-0.28%
10-Oct-16,67.36,67.38,68.46,67.11,-,0.58%
7-Oct-16,66.97,67.81,68.06,66.94,-,-0.83%
6-Oct-16,67.53,67.66,68,66.86,-,-0.28%
5-Oct-16,67.72,69.71,69.98,67.55,-,-2.78%
4-Oct-16,69.66,68.53,69.75,68.5,-,1.78%
3-Oct-16,68.44,68.06,68.66,67.21,-,0.56%
30-Sep-16,68.06,67.53,68.38,67.13,-,0.55%
29-Sep-16,67.69,68.68,69.03,67.29,-,-1.48%
28-Sep-16,68.71,69.8,69.91,68.29,-,-1.45%
27-Sep-16,69.72,70.04,70.76,69.38,-,-0.41%
26-Sep-16,70.01,70.69,71,69.72,-,-0.17%
23-Sep-16,70.13,71.8,71.8,69.67,-,-2.16%
22-Sep-16,71.68,71.48,72.37,71.22,-,0.27%
21-Sep-16,71.49,70.66,72.06,70.29,-,1.13%
20-Sep-16,70.69,68.28,70.69,67.94,-,3.39%
19-Sep-16,68.37,67.55,68.98,67.19,-,1.50%
16-Sep-16,67.36,67.86,68.11,67.05,-,-0.69%
15-Sep-16,67.83,67.74,67.95,66.85,-,0.21%
14-Sep-16,67.69,67.07,67.75,66.57,-,0.89%
13-Sep-16,67.09,66.79,67.82,66.45,-,0.49%
12-Sep-16,66.76,69.03,69.09,66.53,-,-3.39%
9-Sep-16,69.1,69.38,69.38,68.27,-,-0.17%
8-Sep-16,69.22,69.37,69.53,68.94,-,-0.26%
7-Sep-16,69.4,69.14,69.58,68.62,-,0.29%
6-Sep-16,69.2,67.84,69.38,67.66,-,1.97%
2-Sep-16,67.86,68.1,68.22,67.27,-,-0.47%
1-Sep-16,68.18,65.48,68.28,65.47,-,3.95%
31-Aug-16,65.59,66.4,66.55,65.42,-,-1.18%
30-Aug-16,66.37,66.81,66.92,65.49,-,-0.96%
29-Aug-16,67.01,68.15,68.16,66.63,-,-1.50%
26-Aug-16,68.03,68.04,68.72,67.66,-,-0.09%
25-Aug-16,68.09,67.94,68.38,67.08,-,0.34%
24-Aug-16,67.86,68.67,68.84,67.56,-,-0.96%
23-Aug-16,68.52,68.39,69.1,68.39,-,0.28%
22-Aug-16,68.33,68.11,68.89,67.64,-,0.40%
19-Aug-16,68.06,69.09,69.54,67.69,-,-1.63%
18-Aug-16,69.19,68.96,70.11,68.84,-,0.39%
17-Aug-16,68.92,68.8,69.47,68.55,-,0.16%
16-Aug-16,68.81,68.72,68.98,66.91,-,0.00%
15-Aug-16,68.81,70.97,71.53,68.8,-,-3.00%
12-Aug-16,70.94,72.22,72.69,70.22,-,-1.50%
11-Aug-16,72.02,71.53,72.45,71.25,-,0.71%
10-Aug-16,71.51,71.48,72.8,71.44,-,-2.12%
9-Aug-16,73.06,76.03,76.06,73.06,-,-3.87%
8-Aug-16,76,76.89,77.09,75.6,-,-1.02%
5-Aug-16,76.78,75.86,77.97,75.84,-,1.29%
4-Aug-16,75.8,74.37,76.18,73.81,-,2.06%
3-Aug-16,74.27,74.02,74.34,73.24,-,0.47%
2-Aug-16,73.92,74.37,74.55,73.18,-,-0.44%
1-Aug-16,74.25,74.03,74.86,73.48,-,0.31%
29-Jul-16,74.02,72.83,74.09,71.69,-,1.44%
28-Jul-16,72.97,73.93,74.09,71.65,-,-1.02%
27-Jul-16,73.72,73.97,74.57,73.34,-,-0.51%
26-Jul-16,74.1,72.37,74.22,72.19,-,2.53%
25-Jul-16,72.27,72.44,72.63,71.59,-,-0.78%
22-Jul-16,72.84,73.15,73.47,71.9,-,-0.38%
21-Jul-16,73.12,72.48,73.71,71.86,-,0.91%
20-Jul-16,72.46,73.37,73.37,71.78,-,-1.24%
19-Jul-16,73.37,74.09,74.41,72.64,-,-0.85%
18-Jul-16,74,74.13,74.94,73.63,-,-0.48%
15-Jul-16,74.36,73.78,75,73.37,-,0.65%
14-Jul-16,73.88,72.59,74.66,72.41,-,0.90%
13-Jul-16,73.22,71.09,74.78,71.06,-,3.49%
12-Jul-16,70.75,67.85,70.78,67.38,-,4.44%
11-Jul-16,67.74,65.92,67.85,65.91,-,2.96%
8-Jul-16,65.79,64.92,66.75,64.52,-,1.29%
7-Jul-16,64.95,65.49,65.63,64.48,-,-0.89%
6-Jul-16,65.53,65.56,65.58,64.56,-,0.14%
5-Jul-16,65.44,66.12,66.12,64.27,-,0.62%
1-Jul-16,65.04,64.5,65.09,64.36,-,1.04%
30-Jun-16,64.37,66.03,66.41,64.16,-,-2.43%
29-Jun-16,65.97,65.88,66.3,65.59,-,0.09%
28-Jun-16,65.91,64.66,65.95,64.19,-,2.31%
27-Jun-16,64.42,64.38,65.4,64.35,-,-0.19%
24-Jun-16,64.54,65.32,65.48,63.84,-,-1.42%
23-Jun-16,65.47,64.57,66.13,64.47,-,1.32%
22-Jun-16,64.62,64.46,65.18,64.12,-,0.26%
21-Jun-16,64.45,66.22,66.44,63.97,-,-2.50%
20-Jun-16,66.1,66.14,66.61,65.4,-,2.48%
17-Jun-16,64.5,63.13,65.12,63.13,-,1.88%
16-Jun-16,63.31,62.62,63.75,62.33,-,0.99%
15-Jun-16,62.69,63.29,63.48,62.53,-,-0.93%
14-Jun-16,63.28,63.62,63.65,62.59,-,-0.86%
13-Jun-16,63.83,65.71,66.25,63.73,-,-1.47%
10-Jun-16,64.78,65.08,65.52,64.52,-,-0.46%
9-Jun-16,65.08,65.58,65.65,64.48,-,-0.73%
8-Jun-16,65.56,65.93,66.5,65.51,-,-0.62%
7-Jun-16,65.97,65.59,66.16,65.22,-,0.90%
6-Jun-16,65.38,63.88,65.88,63.88,-,2.41%
3-Jun-16,63.84,63.28,64.09,63.08,-,1.08%
2-Jun-16,63.16,63.23,63.67,62.83,-,-0.09%
1-Jun-16,63.22,63.94,64.01,62.94,-,-1.08%
31-May-16,63.91,64.44,64.44,62.92,-,-0.67%
27-May-16,64.34,64.29,64.59,63.59,-,0.02%
26-May-16,64.33,62.91,64.55,62.85,-,2.31%
25-May-16,62.88,63.03,63.42,62.38,-,-0.51%
24-May-16,63.2,61.39,63.2,61.16,-,2.73%
23-May-16,61.52,61.72,61.75,61.11,-,-0.37%
20-May-16,61.75,61.16,62.05,61.16,-,0.95%
19-May-16,61.17,62.14,62.14,60.61,-,-1.61%
18-May-16,62.17,62.3,62.8,61.44,-,-0.35%
17-May-16,62.39,61.03,62.5,61.03,-,2.28%
16-May-16,61,60.64,61.52,60.64,-,0.23%
13-May-16,60.86,60.84,61.05,60.27,-,0.21%
12-May-16,60.73,60.72,61.36,60.56,-,0.07%
11-May-16,60.69,61.11,61.73,60.56,-,-0.54%
10-May-16,61.02,61.51,61.96,60.61,-,-0.59%
9-May-16,61.38,61.83,62.03,61.19,-,-0.90%
6-May-16,61.94,62.08,62.2,61.67,-,-0.19%
5-May-16,62.06,62.93,63.54,61.67,-,-1.43%
4-May-16,62.96,62.95,63.19,62.33,-,-0.10%
3-May-16,63.02,64.39,64.64,62.18,-,-2.08%
2-May-16,64.36,63.81,64.49,63.39,-,0.74%
29-Apr-16,63.89,63.69,64.16,63.17,-,0.31%
28-Apr-16,63.69,64.15,64.18,63.3,-,-0.78%
27-Apr-16,64.19,63.96,64.27,63.42,-,0.52%
26-Apr-16,63.86,64.08,64.75,63.53,-,-0.16%
25-Apr-16,63.96,63.69,64.34,63.11,-,-0.42%
22-Apr-16,64.23,63.52,64.38,62.25,-,1.12%
21-Apr-16,63.52,63.88,64.31,62.75,-,-0.66%
20-Apr-16,63.94,62.88,64.41,61.85,-,1.75%
19-Apr-16,62.84,62.17,63.12,61.55,-,1.09%
18-Apr-16,62.16,59.79,62.17,59.67,-,3.53%
15-Apr-16,60.04,60.17,60.48,59.17,-,-1.02%
14-Apr-16,60.66,61.68,61.92,59.94,-,-1.62%
13-Apr-16,61.66,61.58,62.37,61.33,-,0.36%
12-Apr-16,61.44,60.67,61.84,60.2,-,1.24%
11-Apr-16,60.69,60.37,60.82,60.3,-,1.07%
8-Apr-16,60.05,59.18,60.57,59.08,-,1.88%
7-Apr-16,58.94,58.73,59.36,58.59,-,0.41%
6-Apr-16,58.7,58.93,59.28,58.7,-,-0.37%
5-Apr-16,58.92,59.07,59.17,58.55,-,-0.03%
4-Apr-16,58.94,59.27,59.47,58.73,-,-0.44%
1-Apr-16,59.2,58.3,59.39,58.16,-,1.42%
31-Mar-16,58.37,57.55,58.59,57.04,-,1.37%
30-Mar-16,57.58,57.31,57.91,57.31,-,0.42%
29-Mar-16,57.34,57.8,57.83,57.23,-,-0.66%
28-Mar-16,57.72,57.48,57.99,57.21,-,0.05%
24-Mar-16,57.69,58.27,58.31,57.36,-,-1.15%
23-Mar-16,58.36,58.45,58.58,57.97,-,-0.10%
22-Mar-16,58.42,58.04,58.42,57.63,-,0.50%
21-Mar-16,58.13,57.15,58.57,57.06,-,1.79%
18-Mar-16,57.11,58.39,58.55,56.83,-,-2.11%
17-Mar-16,58.34,58.35,58.89,58.25,-,0.07%
16-Mar-16,58.3,58.09,58.51,57.55,-,0.28%
15-Mar-16,58.14,58.27,58.49,58.01,-,-0.14%
14-Mar-16,58.22,57.17,58.37,57.17,-,1.85%
11-Mar-16,57.16,56.62,57.45,56.56,-,0.51%
10-Mar-16,56.87,56.62,56.99,55.67,-,0.44%
9-Mar-16,56.62,56.88,56.9,56.02,-,-0.58%
8-Mar-16,56.95,57.29,57.29,56.54,-,-0.71%
7-Mar-16,57.36,57.28,57.9,57.2,-,0.42%
4-Mar-16,57.12,56.41,57.2,56.24,-,1.26%
3-Mar-16,56.41,55.94,56.64,55.83,-,0.53%
2-Mar-16,56.11,56.37,56.73,55.66,-,-0.11%
1-Mar-16,56.17,56.58,57.73,56.07,-,-0.67%
29-Feb-16,56.55,57.56,57.61,54.54,-,-1.58%
26-Feb-16,57.46,57.66,57.88,57.27,-,-0.54%
25-Feb-16,57.77,57.45,58.12,57.3,-,0.63%
24-Feb-16,57.41,58.02,58.02,57.28,-,-0.93%
23-Feb-16,57.95,58.88,58.95,57.86,-,-1.51%
22-Feb-16,58.84,59.47,60.16,58.62,-,-2.15%
19-Feb-16,60.13,59.93,60.38,59.8,-,0.40%
18-Feb-16,59.89,59.77,60.83,59.71,-,0.28%
17-Feb-16,59.72,59.72,60.31,59.56,-,0.36%
16-Feb-16,59.51,59.04,60.44,58.97,-,1.28%
12-Feb-16,58.76,58.31,59.15,58.13,-,0.94%
11-Feb-16,58.22,58.9,59.03,57.87,-,-1.14%
10-Feb-16,58.88,58.76,58.94,58.36,-,0.61%
9-Feb-16,58.53,59.57,59.72,58.26,-,-1.96%
8-Feb-16,59.7,59.96,60.12,58.76,-,-0.47%
5-Feb-16,59.98,60.28,60.58,59.84,-,-0.52%
4-Feb-16,60.29,61.81,61.83,59.99,-,-2.49%
3-Feb-16,61.83,62.17,62.58,61.78,-,-0.49%
2-Feb-16,62.14,61.65,62.5,61.49,-,0.84%
1-Feb-16,61.63,61.02,61.99,60.9,-,1.05%
29-Jan-16,60.99,61.34,61.9,60.77,-,-0.59%
28-Jan-16,61.35,60.86,61.52,60.69,-,0.76%
27-Jan-16,60.88,61.36,61.44,60.71,-,-0.64%
26-Jan-16,61.27,61.51,61.73,60.97,-,-0.33%
25-Jan-16,61.47,62.4,62.49,61.47,-,-1.39%
22-Jan-16,62.34,62.14,62.74,62.08,-,0.31%
21-Jan-16,62.15,61.97,62.45,61.77,-,0.49%
20-Jan-16,61.85,62.45,62.45,61.54,-,-0.95%
19-Jan-16,62.44,61.43,62.93,61.37,-,1.76%
17-Jan-16,61.37,61.37,61.37,61.37,-,0.00%
15-Jan-16,61.37,61.94,62.02,61.35,-,-0.96%
14-Jan-16,61.96,62.03,62.46,61.76,-,-0.11%
13-Jan-16,62.03,61.55,62.42,61.51,-,0.69%
12-Jan-16,61.6,61.49,62.27,61.46,-,0.28%
11-Jan-16,61.43,61.42,62.28,61.17,-,-0.09%
8-Jan-16,61.49,61.51,61.89,61.32,-,0.20%
7-Jan-16,61.36,61.91,62.19,61.22,-,-1.25%
6-Jan-16,62.13,62.63,62.68,61.87,-,-0.89%
5-Jan-16,62.69,62.6,62.87,62.52,-,0.17%
4-Jan-16,62.59,63.12,63.26,62.52,-,-1.15%
31-Dec-15,63.31,63.88,63.9,63.06,-,-0.99%
30-Dec-15,63.94,63.85,64.11,63.79,-,0.05%
29-Dec-15,63.91,64.11,64.24,63.83,-,-0.19%
28-Dec-15,64.03,63.62,64.43,63.4,-,0.65%
27-Dec-15,63.62,63.62,63.62,63.62,-,0.00%
24-Dec-15,63.62,62.83,63.92,62.74,-,1.27%
23-Dec-15,62.82,63.16,63.35,62.76,-,-0.51%
22-Dec-15,63.15,63.26,63.69,63.08,-,-0.09%
21-Dec-15,63.2,63.84,64.15,63.17,-,-0.93%
18-Dec-15,63.79,63.01,63.94,62.97,-,1.16%
17-Dec-15,63.06,63.28,63.43,62.88,-,-0.50%
16-Dec-15,63.38,63.28,63.61,63.08,-,0.17%
15-Dec-15,63.28,63.35,63.98,63.04,-,-0.10%
14-Dec-15,63.35,63.85,63.91,62.99,-,-0.81%
11-Dec-15,63.86,63.78,63.86,63.44,-,0.15%
10-Dec-15,63.76,64.82,64.83,63.59,-,-1.67%
9-Dec-15,64.85,64.45,65.23,64.04,-,0.43%
8-Dec-15,64.57,64.56,64.69,63.99,-,-0.10%
7-Dec-15,64.63,64.75,64.78,64.08,-,-0.11%
4-Dec-15,64.7,63.95,64.89,63.76,-,1.20%
3-Dec-15,63.93,63.4,64.3,63.16,-,0.65%
2-Dec-15,63.51,63.58,63.93,63.26,-,-0.07%
1-Dec-15,63.56,62.76,63.62,62.76,-,1.36%
30-Nov-15,62.71,63.94,64.1,62.34,-,-2.00%
27-Nov-15,63.99,63.34,64.17,63.34,-,1.03%
25-Nov-15,63.34,62.15,63.66,61.87,-,2.16%
24-Nov-15,62,61.69,62.28,61.64,-,0.38%
23-Nov-15,61.76,62.79,62.95,61.46,-,2.15%
20-Nov-15,60.47,61.78,61.97,59.81,-,-2.21%
19-Nov-15,61.83,61.54,62.22,61.54,-,0.42%
18-Nov-15,61.57,61.56,61.94,61.51,-,0.01%
17-Nov-15,61.56,61.74,62.25,61.46,-,0.03%
16-Nov-15,61.54,61.51,62.83,61.27,-,0.20%
13-Nov-15,61.42,61.85,62.01,61.4,-,-0.65%
12-Nov-15,61.83,62.15,62.46,61.77,-,-0.47%
11-Nov-15,62.12,61.9,62.59,61.9,-,0.35%
10-Nov-15,61.9,61.9,62.89,61.63,-,-0.12%
9-Nov-15,61.97,61.94,62.05,61.63,-,0.15%
6-Nov-15,61.88,62.12,62.19,61.66,-,-0.51%
5-Nov-15,62.2,62.06,62.28,61.77,-,0.28%
4-Nov-15,62.03,62.66,62.9,61.81,-,-1.23%
3-Nov-15,62.79,63.37,63.85,62.53,-,-0.93%
2-Nov-15,63.38,63.38,63.44,62.19,-,0.11%
30-Oct-15,63.31,62.4,63.44,62.4,-,1.44%
29-Oct-15,62.42,62.74,62.88,62.21,-,-0.57%
28-Oct-15,62.77,62.35,62.9,62.25,-,0.35%
27-Oct-15,62.55,62.42,63.18,62.18,-,0.10%
26-Oct-15,62.49,62.71,62.75,61.92,-,-0.32%
23-Oct-15,62.69,62.81,63.04,62.44,-,-0.43%
22-Oct-15,62.96,64.22,64.68,62.38,-,-1.98%
21-Oct-15,64.24,63.72,64.66,63.72,-,0.66%
20-Oct-15,63.81,63.39,63.87,63.16,-,0.92%
19-Oct-15,63.24,63.87,64.07,62.96,-,-0.99%
16-Oct-15,63.87,63.53,63.95,62.89,-,0.50%
15-Oct-15,63.55,63.71,63.74,63.19,-,-0.36%
14-Oct-15,63.78,63.85,64.07,63.42,-,-0.11%
13-Oct-15,63.85,61.67,64.16,61.54,-,3.40%
12-Oct-15,61.75,61.97,62.08,61.53,-,-0.29%
9-Oct-15,61.93,61.6,62.23,60.99,-,0.46%
8-Oct-15,61.65,62.37,62.45,61.49,-,-1.19%
7-Oct-15,62.38,61.99,62.48,61.79,-,0.65%
6-Oct-15,61.98,61.99,62.33,61.76,-,0.45%
5-Oct-15,61.7,60.27,62.23,60.27,-,2.14%
2-Oct-15,60.41,60.33,61.2,60.09,-,-0.14%
1-Oct-15,60.49,60.35,61.06,59.92,-,-0.05%
30-Sep-15,60.53,60.87,61.56,59.8,-,-0.52%
29-Sep-15,60.84,60.69,61.24,60.56,-,0.28%
28-Sep-15,60.67,60.31,60.93,60.12,-,0.29%
25-Sep-15,60.49,60.12,61.17,60.11,-,0.77%
24-Sep-15,60.03,59.9,60.78,59.72,-,0.26%
23-Sep-15,59.88,59.97,60.43,59.79,-,-0.03%
22-Sep-15,59.9,60.45,60.81,59.88,-,-1.07%
21-Sep-15,60.55,60.46,60.92,60.13,-,0.13%
18-Sep-15,60.47,62.44,62.47,60.42,-,-3.04%
17-Sep-15,62.37,62.56,63.2,62.31,-,-0.40%
16-Sep-15,62.62,62.53,62.92,62.3,-,0.24%
15-Sep-15,62.47,62.53,62.85,62.34,-,-0.39%
14-Sep-15,62.71,63.41,63.69,62.44,-,-0.99%
11-Sep-15,63.34,62.78,64.19,62.06,-,0.45%
10-Sep-15,63.06,63.16,63.81,62.94,-,-0.10%
9-Sep-15,63.12,63.27,63.63,62.87,-,-0.26%
8-Sep-15,63.28,62.69,63.67,62.66,-,1.09%
4-Sep-15,62.6,62.75,62.83,62.43,-,-0.23%
3-Sep-15,62.74,62.48,63.03,62.22,-,0.52%
2-Sep-15,62.42,62.69,62.79,62.12,-,-0.34%
1-Sep-15,62.63,62.88,63.16,62.21,-,-0.27%
31-Aug-15,62.8,63.13,63.52,62.41,-,-0.54%
28-Aug-15,63.14,63.12,63.62,62.78,-,-0.21%
27-Aug-15,63.27,62.48,63.42,62.42,-,1.31%
26-Aug-15,62.45,63.4,63.53,62.27,-,-1.57%
25-Aug-15,63.44,64.18,64.79,62.87,-,-1.01%
24-Aug-15,64.09,66.7,66.75,63.94,-,-4.26%
21-Aug-15,66.94,66.98,67,66.29,-,-0.04%
20-Aug-15,66.97,66.61,66.99,66.25,-,0.48%
19-Aug-15,66.65,66.65,66.8,65.86,-,-0.07%
18-Aug-15,66.7,66.65,66.85,66.06,-,-0.04%
17-Aug-15,66.73,65.97,66.89,65.68,-,0.92%
14-Aug-15,66.12,65.71,66.51,65.31,-,1.04%
13-Aug-15,65.44,64.88,66.5,64.14,-,1.16%
12-Aug-15,64.69,61.81,64.79,61.23,-,4.62%
11-Aug-15,61.83,61.9,62.3,61.58,-,0.06%
10-Aug-15,61.8,61.69,62.9,61.51,-,0.12%
7-Aug-15,61.72,62.49,62.49,61.63,-,-0.98%
6-Aug-15,62.33,63.42,63.44,62.11,-,-1.76%
5-Aug-15,63.45,63.51,63.94,63.42,-,-0.13%
4-Aug-15,63.53,63.74,64.25,63.47,-,-0.45%
3-Aug-15,63.82,63.88,64.08,63.38,-,-0.40%
31-Jul-15,64.07,63.56,64.47,63.28,-,0.85%
30-Jul-15,63.53,63.76,64.07,63.51,-,-0.52%
29-Jul-15,63.87,64.54,64.57,63.86,-,-0.82%
28-Jul-15,64.4,63.88,64.96,63.57,-,0.98%
27-Jul-15,63.78,64.6,64.63,63.7,-,-1.54%
24-Jul-15,64.77,64.81,64.94,64.17,-,0.14%
23-Jul-15,64.68,64.32,65.28,64.25,-,0.23%
22-Jul-15,64.53,64.38,64.96,63.95,-,0.22%
21-Jul-15,64.39,64.83,64.9,64.13,-,-0.95%
20-Jul-15,65,65.14,65.42,64.21,-,-0.35%
17-Jul-15,65.24,65.03,65.25,64.79,-,0.22%
16-Jul-15,65.09,64.94,65.39,64.74,-,0.08%
15-Jul-15,65.04,66.13,66.18,64.61,-,-1.48%
14-Jul-15,66.02,65.57,66.25,65.43,-,0.60%
13-Jul-15,65.63,65.52,65.7,65.11,-,0.11%
10-Jul-15,65.55,65.88,67.23,65.31,-,-0.48%
9-Jul-15,65.86,65.25,66.37,65.22,-,0.96%
8-Jul-15,65.24,65.91,65.91,65.12,-,-0.91%
7-Jul-15,65.84,66.81,66.96,65.07,-,-1.29%
6-Jul-15,66.7,67.09,67.36,66.43,-,-0.60%
3-Jul-15,67.11,67.11,67.11,67.11,-,0.00%
2-Jul-15,67.11,67.46,68.11,66.85,-,-0.63%
1-Jul-15,67.53,67.74,68,66.59,-,-0.54%
30-Jun-15,67.89,67.22,67.99,65.07,-,1.06%
29-Jun-15,67.18,67.26,67.8,67.02,-,-0.30%
26-Jun-15,67.39,65.63,67.63,65.38,-,2.66%
25-Jun-15,65.64,64.4,65.68,64.18,-,1.66%
24-Jun-15,64.57,64.28,64.62,64.15,-,1.58%
23-Jun-15,63.56,64.04,64.06,63.25,-,-0.77%
22-Jun-15,64.06,63.57,64.13,63.14,-,0.50%
19-Jun-15,63.74,63.98,63.99,62.8,-,-0.84%
18-Jun-15,64.28,64.22,64.35,63.81,-,0.00%
17-Jun-15,64.28,64.67,64.69,63.53,-,-0.57%
16-Jun-15,64.64,63.27,64.96,62.74,-,1.82%
15-Jun-15,63.49,64.33,64.33,62.61,-,-1.40%
12-Jun-15,64.39,63.83,64.94,63.54,-,0.77%
11-Jun-15,63.9,64.95,64.96,63.5,-,-1.68%
10-Jun-15,64.99,64.77,65.15,64.52,-,0.30%
9-Jun-15,64.79,64.94,65.28,64.5,-,-0.17%
8-Jun-15,64.9,64.57,65.04,64.22,-,0.36%
5-Jun-15,64.67,65.07,65.19,63.94,-,-0.79%
4-Jun-15,65.18,65.25,65.95,64.96,-,-0.10%
3-Jun-15,65.25,63.74,65.39,63.45,-,2.36%
2-Jun-15,63.74,63.67,64.28,63.34,-,0.00%
1-Jun-15,63.74,64.35,65.14,63.7,-,-1.08%
29-May-15,64.44,64.76,66.57,64.29,-,-0.09%
28-May-15,64.5,63.04,64.5,63.04,-,2.07%
27-May-15,63.19,63.34,63.83,63.04,-,-0.29%
26-May-15,63.38,63.37,64.64,63.28,-,0.07%
22-May-15,63.33,63.72,64.07,63.29,-,-0.71%
21-May-15,63.78,64.18,64.92,63.63,-,-0.69%
20-May-15,64.23,64.26,64.75,63.72,-,-0.26%
19-May-15,64.4,64.89,65.22,64.06,-,-0.76%
18-May-15,64.89,66.85,66.92,64.88,-,-2.54%
15-May-15,66.58,66.6,66.87,66.13,-,0.15%
14-May-15,66.49,65.86,66.71,65.6,-,1.13%
13-May-15,65.74,65.18,65.8,64.86,-,0.84%
12-May-15,65.19,65.45,65.58,64.58,-,-0.43%
11-May-15,65.47,66.1,66.31,64.67,-,-0.99%
8-May-15,66.13,65.52,66.21,65.3,-,0.81%
7-May-15,65.6,66.07,66.07,64.97,-,-0.61%
6-May-15,66,66.33,66.67,65.59,-,-0.57%
5-May-15,66.38,66.6,66.93,66.13,-,-0.55%
4-May-15,66.75,66.53,66.76,65.83,-,0.54%
1-May-15,66.39,67.83,68.13,65.73,-,-1.88%
30-Apr-15,67.66,67.38,68.06,67.36,-,0.62%
29-Apr-15,67.24,66.49,67.29,66.06,-,1.65%
28-Apr-15,66.15,66.11,67.07,65.61,-,0.02%
27-Apr-15,66.14,66.55,67.5,65.92,-,-0.26%
24-Apr-15,66.31,65.63,66.59,65.23,-,1.37%
23-Apr-15,65.42,62.81,65.7,62.78,-,3.69%
22-Apr-15,63.09,63.03,63.43,62.36,-,0.09%
21-Apr-15,63.03,63.16,63.49,62.87,-,-0.46%
20-Apr-15,63.33,63.38,63.79,62.97,-,-0.07%
