"Date","Price","Open","High","Low","Vol.","Change %"
"Apr 20, 2020","328.50","333.00","340.60","326.00","-","-3.86%"
"Apr 17, 2020","341.70","337.90","344.70","329.90","-","2.74%"
"Apr 16, 2020","332.60","322.10","338.80","317.50","0.26K","2.65%"
"Apr 15, 2020","324.00","332.60","334.40","317.50","-","-2.11%"
"Apr 14, 2020","331.00","335.50","344.40","330.00","-","-0.81%"
"Apr 13, 2020","333.70","326.10","334.70","322.00","-","3.60%"
"Apr 10, 2020","322.10","322.10","322.10","322.10","-","0.00%"
"Apr 09, 2020","322.10","312.60","322.10","295.20","0.27K","5.92%"
"Apr 08, 2020","304.10","309.50","313.80","300.70","-","-1.07%"
"Apr 07, 2020","307.40","294.10","309.00","294.10","-","9.01%"
"Apr 06, 2020","282.00","282.00","282.00","282.00","-","6.82%"
"Apr 03, 2020","264.00","260.60","265.60","255.50","0.15K","-0.04%"
"Apr 02, 2020","264.10","260.40","277.00","258.20","-","1.66%"
"Apr 01, 2020","259.80","271.10","271.20","251.50","-","-6.71%"
"Mar 31, 2020","278.50","293.00","293.00","278.50","-","-6.07%"
"Mar 30, 2020","296.50","305.50","307.10","296.00","-","-4.75%"
"Mar 27, 2020","311.30","312.40","317.70","308.00","0.20K","-2.96%"
"Mar 26, 2020","320.80","316.30","322.20","311.30","-","2.95%"
"Mar 25, 2020","311.60","319.60","320.00","307.90","-","-3.08%"
"Mar 24, 2020","321.50","328.90","329.40","317.00","-","0.41%"
"Mar 23, 2020","320.20","321.40","326.80","310.90","-","-0.65%"
"Mar 20, 2020","322.30","325.90","335.40","319.00","0.29K","0.78%"
"Mar 19, 2020","319.80","306.40","321.40","306.40","-","5.41%"
"Mar 18, 2020","303.40","305.40","309.90","292.90","-","-2.13%"
"Mar 17, 2020","310.00","318.50","318.50","305.30","0.53K","-4.62%"
"Mar 16, 2020","325.00","325.00","325.00","325.00","0.06K","-7.14%"
"Mar 13, 2020","350.00","343.00","350.00","335.00","0.01K","6.03%"
"Mar 12, 2020","330.10","330.00","360.00","330.00","0.02K","-11.62%"
"Mar 11, 2020","373.50","373.40","382.70","371.00","0.04K","-1.40%"
"Mar 10, 2020","378.80","377.60","378.80","370.30","0.04K","2.27%"
"Mar 09, 2020","370.40","391.40","399.10","370.40","0.06K","-7.49%"
"Mar 06, 2020","400.40","406.70","406.70","394.10","0.09K","-1.74%"
"Mar 05, 2020","407.50","404.00","411.00","404.00","0.10K","-0.66%"
"Mar 04, 2020","410.20","403.10","413.50","398.50","0.06K","1.51%"
"Mar 03, 2020","404.10","416.50","420.50","401.50","0.11K","-2.77%"
"Mar 02, 2020","415.60","402.90","416.10","397.70","0.11K","4.06%"
"Feb 28, 2020","399.40","404.40","404.40","394.00","0.46K","-3.06%"
"Feb 27, 2020","412.00","418.90","419.10","409.50","0.39K","-3.63%"
"Feb 26, 2020","427.50","442.10","442.40","423.20","0.44K","-1.79%"
"Feb 25, 2020","435.30","440.20","442.80","433.20","0.43K","-1.76%"
"Feb 24, 2020","443.10","449.00","451.30","442.10","0.56K","-3.69%"
"Feb 21, 2020","460.10","462.00","464.50","459.20","0.37K","-0.63%"
"Feb 20, 2020","463.00","465.00","468.30","460.70","0.50K","0.59%"
"Feb 19, 2020","460.30","451.20","464.10","451.20","0.54K","3.18%"
"Feb 18, 2020","446.10","448.40","452.00","444.80","0.22K","-0.71%"
"Feb 14, 2020","449.30","451.50","452.80","445.90","0.25K","-1.27%"
"Feb 13, 2020","455.10","456.20","459.90","453.50","0.50K","0.13%"
"Feb 12, 2020","454.50","451.00","457.00","447.90","0.49K","0.69%"
"Feb 11, 2020","451.40","445.10","454.00","442.50","0.55K","1.21%"
"Feb 10, 2020","446.00","440.20","450.90","440.20","0.72K","1.32%"
"Feb 07, 2020","440.20","432.50","443.90","432.50","0.50K","1.62%"
"Feb 06, 2020","433.20","428.10","434.90","428.10","0.36K","1.14%"
"Feb 05, 2020","428.30","415.60","429.50","413.90","0.69K","3.78%"
"Feb 04, 2020","412.70","419.50","422.40","407.00","1.14K","-2.39%"
"Feb 03, 2020","422.80","434.30","439.00","418.80","0.66K","-2.92%"
"Jan 31, 2020","435.50","436.60","438.40","430.00","0.44K","-0.14%"
"Jan 30, 2020","436.10","427.60","438.90","424.20","0.45K","1.89%"
"Jan 29, 2020","428.00","427.10","432.80","426.10","0.23K","0.21%"
"Jan 28, 2020","427.10","420.00","429.20","419.50","0.33K","1.50%"
"Jan 27, 2020","420.80","420.00","422.90","417.20","0.52K","-1.27%"
"Jan 24, 2020","426.20","425.30","432.30","425.30","0.32K","0.05%"
"Jan 23, 2020","426.00","425.90","426.80","420.20","0.24K","0.19%"
"Jan 22, 2020","425.20","425.90","432.70","423.80","0.23K","0.12%"
"Jan 21, 2020","424.70","429.60","431.10","424.20","0.35K","-1.23%"
"Jan 17, 2020","430.00","438.00","444.40","429.10","0.64K","0.28%"
"Jan 16, 2020","428.80","425.80","434.90","420.80","0.28K","10.34%"
"Jan 15, 2020","388.60","390.00","398.00","388.50","0.04K","-0.36%"
"Jan 14, 2020","390.00","391.00","391.10","387.70","0.08K","-0.91%"
"Jan 13, 2020","393.60","394.70","395.00","389.00","0.03K","0.41%"
"Jan 10, 2020","392.00","390.60","393.90","390.40","0.05K","0.23%"
"Jan 09, 2020","391.10","400.10","401.60","387.30","0.09K","-1.73%"
"Jan 08, 2020","398.00","395.40","402.90","394.00","0.13K","0.66%"
"Jan 07, 2020","395.40","393.20","400.00","393.00","0.11K","-0.40%"
"Jan 06, 2020","397.00","405.00","405.00","396.90","0.20K","-1.64%"
"Jan 03, 2020","403.60","406.00","409.10","402.90","0.12K","-0.76%"
"Jan 02, 2020","406.70","404.00","412.00","402.00","0.16K","0.44%"
"Jan 01, 2020","404.90","404.90","404.90","404.90","-","-0.10%"
"Dec 31, 2019","405.30","406.90","408.00","399.50","0.27K","0.27%"
"Dec 30, 2019","404.20","408.00","413.10","400.50","0.28K","-1.20%"
"Dec 27, 2019","409.10","405.70","410.00","404.40","0.14K","0.71%"
"Dec 26, 2019","406.20","408.90","409.10","404.00","0.12K","0.02%"
"Dec 25, 2019","406.10","406.10","406.10","406.10","-","-0.17%"
"Dec 24, 2019","406.80","410.40","410.40","405.90","0.07K","-0.44%"
"Dec 23, 2019","408.60","414.50","414.50","407.50","0.32K","-1.14%"
"Dec 20, 2019","413.30","417.30","418.60","411.40","0.30K","-0.93%"
"Dec 19, 2019","417.20","405.40","421.10","404.90","0.52K","2.56%"
"Dec 18, 2019","406.80","408.50","408.70","403.10","0.19K","0.10%"
"Dec 17, 2019","406.40","411.10","415.40","400.20","0.32K","-1.07%"
"Dec 16, 2019","410.80","405.00","413.90","403.90","0.44K","1.53%"
"Dec 13, 2019","404.60","397.30","405.90","394.10","0.33K","1.71%"
"Dec 12, 2019","397.80","396.80","403.10","396.20","0.35K","0.30%"
"Dec 11, 2019","396.60","393.30","399.70","388.60","0.45K","0.99%"
"Dec 10, 2019","392.70","397.10","399.20","391.00","0.50K","-1.68%"
"Dec 09, 2019","399.40","405.40","407.10","398.30","0.29K","-1.65%"
"Dec 06, 2019","406.10","407.70","412.40","404.50","0.20K","0.20%"
"Dec 05, 2019","405.30","399.00","409.70","399.00","0.31K","1.15%"
"Dec 04, 2019","400.70","401.00","403.80","395.20","0.29K","0.73%"
"Dec 03, 2019","397.80","406.00","406.00","393.10","0.53K","-2.74%"
"Dec 02, 2019","409.00","410.00","414.40","406.00","0.32K","-1.82%"
"Nov 29, 2019","416.60","418.50","420.10","413.90","0.21K","0.12%"
"Nov 27, 2019","416.10","411.60","423.00","409.20","0.35K","0.78%"
"Nov 26, 2019","412.90","411.00","413.30","403.30","0.79K","-1.99%"
"Nov 25, 2019","421.30","409.90","427.70","408.00","0.81K","2.66%"
"Nov 22, 2019","410.40","407.90","411.20","405.10","0.29K","0.54%"
"Nov 21, 2019","408.20","402.90","413.00","402.90","0.23K","1.37%"
"Nov 20, 2019","402.70","413.40","414.00","401.00","0.28K","-2.59%"
"Nov 19, 2019","413.40","417.20","421.50","408.30","0.42K","0.10%"
"Nov 18, 2019","413.00","403.00","414.40","403.00","0.48K","9.93%"
"Nov 15, 2019","375.70","380.00","383.90","374.20","0.01K","-1.65%"
"Nov 14, 2019","382.00","378.20","387.30","370.50","0.03K","2.52%"
"Nov 13, 2019","372.60","370.00","373.10","369.00","0.07K","0.11%"
"Nov 12, 2019","372.20","376.00","381.50","372.00","0.10K","-1.27%"
"Nov 11, 2019","377.00","376.30","379.90","375.00","0.05K","-0.76%"
"Nov 08, 2019","379.90","381.40","381.70","377.30","0.07K","-1.58%"
"Nov 07, 2019","386.00","393.50","393.50","382.80","0.09K","-0.54%"
"Nov 06, 2019","388.10","389.50","394.00","385.70","0.15K","-1.57%"
"Nov 05, 2019","394.30","404.30","405.30","388.80","0.28K","-3.00%"
"Nov 04, 2019","406.50","404.50","411.60","402.40","0.13K","0.59%"
"Nov 01, 2019","404.10","397.30","405.70","396.00","0.16K","1.99%"
"Oct 31, 2019","396.20","394.80","399.40","394.80","0.21K","0.30%"
"Oct 30, 2019","395.00","400.90","406.20","395.00","0.27K","-1.89%"
"Oct 29, 2019","402.60","395.10","405.50","394.50","0.19K","0.90%"
"Oct 28, 2019","399.00","404.70","409.40","397.50","0.26K","-1.07%"
"Oct 25, 2019","403.30","404.10","409.00","401.80","0.48K","0.30%"
"Oct 24, 2019","402.10","400.60","403.90","398.10","0.21K","0.37%"
"Oct 23, 2019","400.60","395.80","403.90","395.80","0.32K","1.21%"
"Oct 22, 2019","395.80","397.70","400.10","393.60","0.35K","-0.45%"
"Oct 21, 2019","397.60","387.10","399.70","385.60","0.63K","3.11%"
"Oct 18, 2019","385.60","387.90","391.00","383.00","0.30K","-1.03%"
"Oct 17, 2019","389.60","381.80","394.90","381.20","0.63K","2.55%"
"Oct 16, 2019","379.90","373.80","381.30","373.80","0.23K","1.93%"
"Oct 15, 2019","372.70","383.00","386.40","371.50","0.43K","-2.05%"
"Oct 14, 2019","380.50","368.90","385.00","367.80","0.57K","3.00%"
"Oct 11, 2019","369.40","365.00","373.10","363.60","0.25K","1.76%"
"Oct 10, 2019","363.00","364.40","369.50","362.20","0.24K","-0.90%"
"Oct 09, 2019","366.30","359.20","371.10","358.60","0.31K","1.19%"
"Oct 08, 2019","362.00","369.90","369.90","359.70","0.36K","-1.82%"
"Oct 07, 2019","368.70","365.70","377.00","364.20","0.31K","0.82%"
"Oct 04, 2019","365.70","363.20","367.70","361.70","0.24K","0.41%"
"Oct 03, 2019","364.20","361.40","373.90","359.50","0.55K","1.22%"
"Oct 02, 2019","359.80","361.30","362.30","357.50","0.26K","-0.53%"
"Oct 01, 2019","361.70","367.00","371.10","360.00","0.48K","-1.47%"
"Sep 30, 2019","367.10","373.50","373.50","364.50","0.33K","-1.21%"
"Sep 27, 2019","371.60","372.20","375.00","369.80","0.21K","-0.11%"
"Sep 26, 2019","372.00","369.50","375.10","368.90","0.14K","0.76%"
"Sep 25, 2019","369.20","373.40","375.80","367.10","0.24K","-1.02%"
"Sep 24, 2019","373.00","386.00","386.00","370.10","0.53K","-3.67%"
"Sep 23, 2019","387.20","384.90","393.50","383.20","0.43K","0.89%"
"Sep 20, 2019","383.80","377.00","391.20","374.00","0.36K","1.45%"
"Sep 19, 2019","378.30","382.80","387.30","377.00","0.24K","-0.97%"
"Sep 18, 2019","382.00","384.70","388.20","379.50","0.39K","1.51%"
"Sep 17, 2019","376.30","366.80","378.80","363.90","0.39K","2.37%"
"Sep 16, 2019","367.60","378.10","381.90","365.60","0.32K","-1.71%"
"Sep 13, 2019","374.00","390.00","390.00","374.00","0.00K","-1.58%"
"Sep 12, 2019","380.00","386.60","386.70","373.20","0.07K","-2.56%"
"Sep 11, 2019","390.00","385.40","399.50","380.60","0.07K","1.19%"
"Sep 10, 2019","385.40","374.40","385.40","371.70","0.18K","6.82%"
"Sep 09, 2019","360.80","358.20","361.00","355.10","0.14K","0.45%"
"Sep 06, 2019","359.20","364.00","364.00","358.00","0.10K","-0.69%"
"Sep 05, 2019","361.70","362.00","366.50","360.90","0.15K","-0.88%"
"Sep 04, 2019","364.90","367.00","370.30","364.50","0.08K","-1.46%"
"Sep 03, 2019","370.30","375.00","375.00","368.00","0.25K","-1.12%"
"Aug 30, 2019","374.50","374.90","377.90","371.00","0.28K","0.35%"
"Aug 29, 2019","373.20","383.70","383.70","371.00","0.42K","-1.61%"
"Aug 28, 2019","379.30","374.80","385.00","374.80","0.55K","3.01%"
"Aug 27, 2019","368.20","364.40","368.80","360.00","0.21K","1.35%"
"Aug 26, 2019","363.30","356.50","368.50","356.50","0.22K","0.94%"
"Aug 23, 2019","359.90","359.30","366.30","358.20","0.23K","0.17%"
"Aug 22, 2019","359.30","369.10","369.60","356.70","0.33K","-2.66%"
"Aug 21, 2019","369.10","369.70","373.40","367.90","0.52K","0.79%"
"Aug 20, 2019","366.20","366.70","373.10","360.00","0.29K","-1.53%"
"Aug 19, 2019","371.90","359.20","374.10","357.60","0.44K","2.48%"
"Aug 16, 2019","362.90","355.10","364.00","354.80","0.28K","2.46%"
"Aug 15, 2019","354.20","347.60","356.00","344.80","0.39K","1.75%"
"Aug 14, 2019","348.10","349.90","351.30","344.60","0.29K","-1.72%"
"Aug 13, 2019","354.20","344.70","361.60","343.60","0.49K","3.33%"
"Aug 12, 2019","342.80","345.10","346.50","342.70","0.21K","-1.75%"
"Aug 09, 2019","348.90","360.00","360.80","347.30","0.34K","-4.04%"
"Aug 08, 2019","363.60","360.50","367.20","358.20","0.20K","1.56%"
"Aug 07, 2019","358.00","365.80","371.60","356.30","0.37K","-3.14%"
"Aug 06, 2019","369.60","355.20","371.60","354.00","0.45K","3.24%"
"Aug 05, 2019","358.00","362.40","364.00","353.70","0.36K","-2.72%"
"Aug 02, 2019","368.00","364.40","368.90","355.50","0.57K","1.41%"
"Aug 01, 2019","362.90","342.40","362.90","340.50","0.77K","5.52%"
"Jul 31, 2019","343.90","352.40","353.00","335.50","0.51K","-1.46%"
"Jul 30, 2019","349.00","335.90","354.70","333.70","0.58K","3.93%"
"Jul 29, 2019","335.80","331.00","337.00","328.40","0.18K","0.63%"
"Jul 26, 2019","333.70","338.00","338.40","330.00","0.29K","-1.88%"
"Jul 25, 2019","340.10","346.90","353.40","336.90","0.43K","-0.99%"
"Jul 24, 2019","343.50","330.00","351.70","326.60","0.41K","3.25%"
"Jul 23, 2019","332.70","345.50","347.30","331.20","0.46K","-3.28%"
"Jul 22, 2019","344.00","354.00","356.10","343.00","0.44K","-2.74%"
"Jul 19, 2019","353.70","349.90","353.70","346.30","0.42K","5.68%"
"Jul 18, 2019","334.70","328.30","341.60","328.20","0.44K","2.32%"
"Jul 17, 2019","327.10","329.60","333.30","325.90","0.50K","-1.59%"
"Jul 16, 2019","332.40","336.50","342.50","330.60","0.53K","-7.67%"
"Jul 15, 2019","360.00","360.00","360.00","360.00","0.00K","0.00%"
"Jul 12, 2019","360.00","362.20","380.90","360.00","0.03K","-0.41%"
"Jul 11, 2019","361.50","365.50","372.80","358.20","0.07K","-2.30%"
"Jul 10, 2019","370.00","367.10","372.20","365.00","0.06K","0.49%"
"Jul 09, 2019","368.20","376.60","376.60","367.50","0.09K","-2.95%"
"Jul 08, 2019","379.40","380.50","381.60","374.10","0.08K","-1.76%"
"Jul 05, 2019","386.20","382.50","387.30","380.10","0.05K","0.49%"
"Jul 03, 2019","384.30","390.00","390.00","382.80","0.04K","-1.79%"
"Jul 02, 2019","391.30","397.20","408.60","388.20","0.19K","-3.29%"
"Jul 01, 2019","404.60","383.40","411.60","381.80","0.22K","6.78%"
"Jun 28, 2019","378.90","380.00","381.50","377.00","0.17K","-0.58%"
"Jun 27, 2019","381.10","385.40","390.50","380.00","0.19K","-1.27%"
"Jun 26, 2019","386.00","395.40","400.50","384.60","0.29K","-2.60%"
"Jun 25, 2019","396.30","393.20","398.00","390.70","0.21K","-0.48%"
"Jun 24, 2019","398.20","407.00","412.70","393.30","0.36K","-1.75%"
"Jun 21, 2019","405.30","386.00","405.30","382.30","0.42K","4.92%"
"Jun 20, 2019","386.30","382.60","388.50","375.00","0.50K","-1.20%"
"Jun 19, 2019","391.00","410.00","413.60","391.00","0.63K","-4.63%"
"Jun 18, 2019","410.00","405.00","411.30","402.10","0.78K","4.51%"
"Jun 17, 2019","392.30","387.60","400.80","387.00","0.64K","1.63%"
"Jun 14, 2019","386.00","376.20","389.50","372.00","0.89K","3.26%"
"Jun 13, 2019","373.80","355.20","373.80","352.20","1.01K","5.36%"
"Jun 12, 2019","354.80","350.30","363.40","347.50","1.07K","3.35%"
"Jun 11, 2019","343.30","330.20","343.30","330.20","0.53K","5.86%"
"Jun 10, 2019","324.30","314.00","325.00","313.70","0.25K","2.69%"
"Jun 07, 2019","315.80","313.00","317.00","306.50","0.16K","0.45%"
"Jun 06, 2019","314.40","312.50","322.00","306.50","0.23K","0.90%"
"Jun 05, 2019","311.60","318.00","322.00","308.40","0.45K","-1.52%"
"Jun 04, 2019","316.40","309.20","318.10","307.50","0.51K","4.84%"
"Jun 03, 2019","301.80","302.70","305.50","296.30","0.53K","-1.21%"
"May 31, 2019","305.50","306.90","319.20","296.60","0.56K","-1.23%"
"May 30, 2019","309.30","312.40","319.20","286.10","0.57K","-2.18%"
"May 29, 2019","316.20","303.70","317.00","286.10","1.21K","2.83%"
"May 28, 2019","307.50","323.90","323.90","307.50","0.66K","-5.82%"
"May 24, 2019","326.50","324.70","328.30","320.90","0.26K","0.86%"
"May 23, 2019","323.70","318.50","329.40","318.20","0.47K","1.47%"
"May 22, 2019","319.00","318.60","322.90","315.30","0.24K","0.35%"
"May 21, 2019","317.90","313.10","324.50","311.70","0.43K","1.37%"
"May 20, 2019","313.60","324.60","325.20","310.90","0.41K","-3.21%"
"May 17, 2019","324.00","328.70","330.30","321.10","0.43K","-1.25%"
"May 16, 2019","328.10","328.50","335.00","323.90","0.32K","-0.03%"
"May 15, 2019","328.20","338.90","341.50","326.40","0.05K","-4.12%"
"May 14, 2019","342.30","338.90","344.00","338.00","0.04K","1.09%"
"May 13, 2019","338.60","350.50","350.50","338.60","0.07K","-1.05%"
"May 10, 2019","342.20","342.00","348.20","342.00","0.05K","-0.18%"
"May 09, 2019","342.80","339.90","346.50","337.50","0.08K","1.72%"
"May 08, 2019","337.00","331.90","344.10","329.00","0.08K","1.26%"
"May 07, 2019","332.80","334.50","336.70","332.20","0.09K","-1.25%"
"May 06, 2019","337.00","338.60","340.70","334.90","0.05K","-2.12%"
"May 03, 2019","344.30","348.20","356.00","343.90","0.15K","0.17%"
"May 02, 2019","343.70","341.70","353.50","340.90","0.17K","2.78%"
"May 01, 2019","334.40","336.40","338.00","330.60","0.14K","-1.99%"
"Apr 30, 2019","341.20","342.60","343.60","334.70","0.31K","0.35%"
"Apr 29, 2019","340.00","347.40","348.40","339.30","0.24K","-2.72%"
"Apr 26, 2019","349.50","347.40","352.00","343.80","0.24K","1.95%"
"Apr 25, 2019","342.80","337.70","343.50","335.80","0.50K","4.35%"
"Apr 24, 2019","328.50","313.60","329.90","308.00","0.67K","4.32%"
"Apr 23, 2019","314.90","318.20","319.80","311.10","0.66K","-2.69%"
"Apr 22, 2019","323.60","327.00","328.90","320.70","0.38K","-3.26%"
"Apr 19, 2019","334.50","334.50","334.50","334.50","-","-0.36%"
"Apr 18, 2019","335.70","336.10","338.50","333.00","0.34K","-0.94%"
"Apr 17, 2019","338.90","333.20","341.50","330.30","0.66K","0.92%"
"Apr 16, 2019","335.80","345.00","346.50","333.60","0.76K","-3.51%"
"Apr 15, 2019","348.00","347.00","353.60","343.20","0.43K","-0.20%"
"Apr 12, 2019","348.70","339.80","349.40","336.80","0.43K","2.47%"
"Apr 11, 2019","340.30","344.10","347.70","338.00","0.24K","-0.61%"
"Apr 10, 2019","342.40","342.30","344.80","336.00","0.30K","0.71%"
"Apr 09, 2019","340.00","346.10","346.10","338.10","0.63K","-1.59%"
"Apr 08, 2019","345.50","351.80","352.50","344.60","0.38K","-2.07%"
"Apr 05, 2019","352.80","354.80","357.70","351.10","0.40K","-2.08%"
"Apr 04, 2019","360.30","362.00","365.50","357.90","0.24K","-1.34%"
"Apr 03, 2019","365.20","356.00","367.20","356.00","0.36K","1.47%"
"Apr 02, 2019","359.90","365.40","367.70","353.30","0.50K","-1.59%"
"Apr 01, 2019","365.70","359.00","367.70","359.00","0.38K","1.53%"
"Mar 29, 2019","360.20","372.90","372.90","359.90","0.62K","-3.92%"
"Mar 28, 2019","374.90","367.00","381.60","366.40","0.54K","2.26%"
"Mar 27, 2019","366.60","367.10","372.40","365.00","0.19K","-0.70%"
"Mar 26, 2019","369.20","365.10","376.00","361.10","0.29K","1.71%"
"Mar 25, 2019","363.00","367.30","371.00","361.00","0.39K","-1.44%"
"Mar 22, 2019","368.30","374.30","374.70","363.40","0.49K","-2.67%"
"Mar 21, 2019","378.40","382.50","386.10","378.00","0.26K","-0.71%"
"Mar 20, 2019","381.10","385.50","386.60","377.60","0.24K","-1.14%"
"Mar 19, 2019","385.50","390.00","393.80","384.10","0.21K","-1.31%"
"Mar 18, 2019","390.60","395.00","399.00","388.20","0.25K","-2.47%"
"Mar 15, 2019","400.50","395.10","400.50","388.00","0.02K","2.01%"
"Mar 14, 2019","392.60","395.00","400.00","392.00","0.05K","-1.11%"
"Mar 13, 2019","397.00","386.50","404.00","385.60","0.04K","0.20%"
"Mar 12, 2019","396.20","404.70","406.70","396.20","0.03K","-1.02%"
"Mar 11, 2019","400.30","391.50","403.70","391.50","0.03K","2.75%"
"Mar 08, 2019","389.60","393.20","394.70","389.00","0.05K","0.54%"
"Mar 07, 2019","387.50","382.10","391.60","378.80","0.14K","5.13%"
"Mar 06, 2019","368.60","367.50","383.60","363.20","0.15K","2.42%"
"Mar 05, 2019","359.90","364.60","364.60","357.70","0.07K","-1.83%"
"Mar 04, 2019","366.60","376.40","376.40","364.10","0.20K","-3.37%"
"Mar 01, 2019","379.40","380.00","381.10","374.10","0.19K","-1.61%"
"Feb 28, 2019","385.60","391.40","391.40","384.60","0.23K","-0.80%"
"Feb 27, 2019","388.70","385.50","388.90","383.00","0.22K","0.00%"
"Feb 26, 2019","388.70","392.90","397.00","386.20","0.32K","-1.82%"
"Feb 25, 2019","395.90","391.90","399.90","389.90","0.31K","-0.25%"
"Feb 22, 2019","396.90","399.50","409.30","392.60","0.34K","-0.33%"
"Feb 21, 2019","398.20","385.60","403.50","383.60","0.39K","2.37%"
"Feb 20, 2019","389.00","399.10","402.20","386.80","0.53K","-2.11%"
"Feb 19, 2019","397.40","400.70","402.30","393.50","0.46K","-2.67%"
"Feb 15, 2019","408.30","416.30","418.30","408.30","0.36K","-3.54%"
"Feb 14, 2019","423.30","417.50","429.40","406.60","0.58K","1.66%"
"Feb 13, 2019","416.40","400.90","416.40","399.50","0.37K","3.74%"
"Feb 12, 2019","401.40","400.10","403.50","396.00","0.33K","-0.67%"
"Feb 11, 2019","404.10","415.00","417.30","404.10","0.46K","-3.58%"
"Feb 08, 2019","419.10","418.10","422.20","412.30","0.36K","-1.27%"
"Feb 07, 2019","424.50","428.80","429.70","424.50","0.53K","-3.41%"
"Feb 06, 2019","439.50","439.20","444.90","423.90","0.82K","0.14%"
"Feb 05, 2019","438.90","427.20","438.90","425.00","0.58K","3.54%"
"Feb 04, 2019","423.90","422.10","426.20","419.80","0.33K","1.12%"
"Feb 01, 2019","419.20","418.80","425.80","416.50","0.50K","0.72%"
"Jan 31, 2019","416.20","427.50","428.00","411.20","0.94K","-0.07%"
"Jan 30, 2019","416.50","410.00","416.50","407.50","0.43K","3.74%"
"Jan 29, 2019","401.50","393.70","404.20","393.70","0.64K","3.03%"
"Jan 28, 2019","389.70","383.10","393.20","379.00","0.45K","2.15%"
"Jan 25, 2019","381.50","382.70","392.20","380.10","0.84K","0.10%"
"Jan 24, 2019","381.10","365.00","381.10","362.80","0.63K","4.10%"
"Jan 23, 2019","366.10","367.40","372.00","364.00","0.64K","0.74%"
"Jan 22, 2019","363.40","355.00","367.70","353.40","0.37K","2.40%"
"Jan 18, 2019","354.90","360.40","362.00","353.40","0.26K","-1.25%"
"Jan 17, 2019","359.40","360.60","363.70","358.20","0.31K","-0.58%"
"Jan 16, 2019","361.50","353.30","364.10","347.60","0.58K","6.32%"
"Jan 15, 2019","340.00","335.00","350.00","332.00","0.02K","4.62%"
"Jan 14, 2019","325.00","327.00","330.00","321.90","0.07K","-1.07%"
"Jan 11, 2019","328.50","324.20","330.40","324.20","0.13K","-0.45%"
"Jan 10, 2019","330.00","324.40","335.40","321.90","0.13K","1.69%"
"Jan 09, 2019","324.50","331.00","334.20","322.60","0.11K","-0.61%"
"Jan 08, 2019","326.50","324.20","331.70","321.30","0.21K","0.52%"
"Jan 07, 2019","324.80","326.20","326.20","323.00","0.10K","0.37%"
"Jan 04, 2019","323.60","325.60","326.00","323.10","0.05K","-0.83%"
"Jan 03, 2019","326.30","330.70","335.00","322.40","0.22K","-0.82%"
"Jan 02, 2019","329.00","331.50","331.90","328.00","0.21K","-1.05%"
"Dec 31, 2018","332.50","333.10","333.10","330.30","0.14K","0.30%"
"Dec 28, 2018","331.50","334.40","334.50","330.30","0.14K","-0.36%"
"Dec 27, 2018","332.70","337.00","338.20","332.20","0.15K","0.09%"
"Dec 26, 2018","332.40","335.30","336.00","329.80","0.11K","-0.86%"
"Dec 24, 2018","335.30","336.80","339.50","335.00","0.19K","0.03%"
"Dec 21, 2018","335.20","331.00","339.70","331.00","0.47K","0.12%"
"Dec 20, 2018","334.80","336.00","339.70","332.70","0.49K","-0.30%"
"Dec 19, 2018","335.80","324.90","340.30","323.60","0.67K","3.23%"
"Dec 18, 2018","325.30","322.70","329.20","315.60","0.45K","1.43%"
"Dec 17, 2018","320.70","326.10","329.40","317.70","0.50K","-0.28%"
"Dec 14, 2018","321.60","322.40","323.60","319.70","0.18K","-0.50%"
"Dec 13, 2018","323.20","323.30","326.00","318.30","0.24K","0.31%"
"Dec 12, 2018","322.20","317.50","325.40","317.40","0.30K","1.83%"
"Dec 11, 2018","316.40","318.20","321.30","315.20","0.28K","-0.22%"
"Dec 10, 2018","317.10","331.60","331.60","316.90","0.47K","-4.46%"
"Dec 07, 2018","331.90","321.40","334.50","318.30","0.39K","3.88%"
"Dec 06, 2018","319.50","321.20","321.70","318.10","0.22K","-0.71%"
"Dec 05, 2018","321.80","326.90","328.50","319.70","0.33K","-1.92%"
"Dec 04, 2018","328.10","333.10","333.90","326.20","0.33K","-2.00%"
"Dec 03, 2018","334.80","337.20","337.40","327.30","0.57K","3.37%"
"Nov 30, 2018","323.90","329.00","329.10","322.50","0.49K","-1.76%"
"Nov 29, 2018","329.70","339.80","343.00","327.80","0.81K","-2.08%"
"Nov 28, 2018","336.70","345.00","345.00","335.00","0.48K","-2.74%"
"Nov 27, 2018","346.20","357.90","367.00","344.70","0.43K","-2.67%"
"Nov 26, 2018","355.70","365.00","370.80","352.60","0.23K","-1.82%"
"Nov 23, 2018","362.30","367.00","369.90","360.90","0.18K","-0.93%"
"Nov 21, 2018","365.70","359.00","371.00","358.00","0.32K","2.72%"
"Nov 20, 2018","356.00","357.30","358.70","347.00","0.17K","-0.70%"
"Nov 19, 2018","358.50","366.40","366.40","355.40","0.36K","2.02%"
"Nov 16, 2018","351.40","363.20","363.20","351.40","0.33K","6.81%"
"Nov 15, 2018","329.00","336.30","336.30","315.60","0.06K","1.83%"
"Nov 14, 2018","323.10","325.00","333.00","321.90","0.17K","4.16%"
"Nov 13, 2018","310.20","321.80","322.90","304.70","0.09K","-5.31%"
"Nov 12, 2018","327.60","331.50","336.00","322.60","0.04K","-1.06%"
"Nov 09, 2018","331.10","332.00","339.00","329.00","0.08K","-0.27%"
"Nov 08, 2018","332.00","330.00","335.00","325.50","0.05K","1.31%"
"Nov 07, 2018","327.70","332.90","335.90","327.70","0.04K","-2.30%"
"Nov 06, 2018","335.40","328.30","335.70","326.40","0.09K","1.64%"
"Nov 05, 2018","330.00","342.00","342.00","327.00","0.10K","-2.94%"
"Nov 02, 2018","340.00","339.70","345.00","336.30","0.59K","4.36%"
"Nov 01, 2018","325.80","320.50","332.50","318.90","0.26K","4.59%"
"Oct 31, 2018","311.50","307.00","320.20","301.50","0.28K","1.86%"
"Oct 30, 2018","305.80","308.70","314.30","303.90","0.21K","-0.39%"
"Oct 29, 2018","307.00","312.20","312.50","302.60","0.15K","-0.23%"
"Oct 26, 2018","307.70","313.20","319.20","304.80","0.40K","-0.65%"
"Oct 25, 2018","309.70","305.70","319.00","299.90","0.44K","1.77%"
"Oct 24, 2018","304.30","312.40","315.40","303.60","0.39K","-2.87%"
"Oct 23, 2018","313.30","318.50","319.80","312.90","0.26K","-1.60%"
"Oct 22, 2018","318.40","322.00","324.20","316.60","0.44K","-2.30%"
"Oct 19, 2018","325.90","322.80","329.00","319.40","0.25K","1.34%"
"Oct 18, 2018","321.60","334.00","336.20","320.60","0.49K","-3.63%"
"Oct 17, 2018","333.70","337.90","338.00","332.50","0.30K","-1.82%"
"Oct 16, 2018","339.90","327.20","340.20","327.20","0.68K","4.52%"
"Oct 15, 2018","325.20","324.10","328.60","321.20","0.52K","1.59%"
"Oct 12, 2018","320.10","320.90","326.70","316.00","0.73K","-1.26%"
"Oct 11, 2018","324.20","331.00","335.50","324.20","0.52K","-4.42%"
"Oct 10, 2018","339.20","346.00","346.80","335.10","0.57K","-2.81%"
"Oct 09, 2018","349.00","347.50","354.80","344.70","0.42K","-1.27%"
"Oct 08, 2018","353.50","352.50","357.00","343.20","0.19K","0.91%"
"Oct 05, 2018","350.30","360.70","372.00","348.10","0.60K","-3.07%"
"Oct 04, 2018","361.40","357.10","365.00","352.10","0.57K","2.21%"
"Oct 03, 2018","353.60","342.00","361.30","338.20","0.71K","2.11%"
"Oct 02, 2018","346.30","335.20","349.70","333.50","0.68K","2.64%"
"Oct 01, 2018","337.40","343.10","343.10","331.60","0.67K","-2.03%"
"Sep 28, 2018","344.40","352.00","354.90","344.40","0.65K","-4.17%"
"Sep 27, 2018","359.40","353.60","363.50","349.60","0.71K","2.39%"
"Sep 26, 2018","351.00","337.90","351.90","334.70","0.65K","4.19%"
"Sep 25, 2018","336.90","335.00","341.00","333.60","0.38K","-0.80%"
"Sep 24, 2018","339.60","343.50","343.80","330.60","0.27K","-0.21%"
"Sep 21, 2018","340.30","335.10","342.00","334.00","0.34K","-1.36%"
"Sep 20, 2018","345.00","352.00","353.00","333.90","0.70K","-0.63%"
"Sep 19, 2018","347.20","349.60","352.10","341.80","0.38K","-0.26%"
"Sep 18, 2018","348.10","358.90","359.90","348.10","0.52K","-4.13%"
"Sep 17, 2018","363.10","371.00","377.70","355.00","0.57K","-13.55%"
"Sep 14, 2018","420.00","419.50","424.00","415.20","0.06K","-3.38%"
"Sep 13, 2018","434.70","432.30","446.00","412.00","0.11K","0.32%"
"Sep 12, 2018","433.30","445.50","446.00","430.20","0.17K","-2.21%"
"Sep 11, 2018","443.10","449.10","453.70","442.30","0.13K","-0.43%"
"Sep 10, 2018","445.00","446.50","451.50","441.00","0.19K","1.46%"
"Sep 07, 2018","438.60","437.50","445.80","430.00","0.18K","0.67%"
"Sep 06, 2018","435.70","443.80","449.00","431.10","0.29K","-2.16%"
"Sep 05, 2018","445.30","450.20","455.20","440.80","0.22K","-0.76%"
"Sep 04, 2018","448.70","435.50","453.00","434.20","0.18K","2.54%"
"Aug 31, 2018","437.60","429.10","444.50","421.00","0.44K","1.86%"
"Aug 30, 2018","429.60","438.80","443.20","426.30","0.33K","-1.45%"
"Aug 29, 2018","435.90","442.40","451.30","435.00","0.27K","-2.51%"
"Aug 28, 2018","447.10","451.20","452.60","441.50","0.20K","2.17%"
"Aug 27, 2018","437.60","439.90","453.30","433.80","0.36K","-0.95%"
"Aug 24, 2018","441.80","441.80","458.60","438.70","0.53K","-0.41%"
"Aug 23, 2018","443.60","450.10","450.10","443.60","0.26K","-3.27%"
"Aug 22, 2018","458.60","464.90","465.00","452.90","0.49K","-1.99%"
"Aug 21, 2018","467.90","475.80","482.10","464.00","0.40K","-1.66%"
"Aug 20, 2018","475.80","486.10","486.80","459.20","0.67K","0.70%"
"Aug 17, 2018","472.50","466.30","472.50","466.30","0.43K","3.28%"
"Aug 16, 2018","457.50","457.50","457.50","457.50","0.21K","3.39%"
"Aug 15, 2018","442.50","446.40","457.90","432.30","0.90K","-0.54%"
"Aug 14, 2018","444.90","441.80","444.90","437.70","0.55K","3.49%"
"Aug 13, 2018","429.90","421.50","429.90","420.60","0.50K","3.62%"
"Aug 10, 2018","414.90","414.70","421.30","412.00","0.40K","1.02%"
"Aug 09, 2018","410.70","406.50","422.70","404.00","0.52K","-0.17%"
"Aug 08, 2018","411.40","418.80","422.30","411.40","0.65K","-3.52%"
"Aug 07, 2018","426.40","422.60","427.90","418.60","0.36K","0.88%"
"Aug 06, 2018","422.70","425.50","430.00","417.60","0.58K","-1.81%"
"Aug 03, 2018","430.50","420.90","436.30","413.30","0.62K","1.20%"
"Aug 02, 2018","425.40","425.40","432.30","425.40","0.52K","-3.41%"
"Aug 01, 2018","440.40","455.40","455.40","440.40","0.37K","-3.29%"
"Jul 31, 2018","455.40","446.90","459.30","440.30","0.63K","2.22%"
"Jul 30, 2018","445.50","453.30","457.70","440.00","0.93K","-3.84%"
"Jul 27, 2018","463.30","468.10","468.10","463.30","0.30K","-3.14%"
"Jul 26, 2018","478.30","488.00","492.00","478.30","0.21K","-3.04%"
"Jul 25, 2018","493.30","495.30","498.90","483.90","0.40K","0.98%"
"Jul 24, 2018","488.50","480.00","492.30","475.10","0.38K","2.35%"
"Jul 23, 2018","477.30","485.90","486.30","471.50","0.41K","-1.75%"
"Jul 20, 2018","485.80","485.60","490.00","470.20","0.99K","0.19%"
"Jul 19, 2018","484.90","484.90","490.60","484.90","0.27K","-3.00%"
"Jul 18, 2018","499.90","503.80","506.80","499.90","0.18K","-2.91%"
"Jul 17, 2018","514.90","517.60","526.20","505.30","0.54K","-0.90%"
"Jul 16, 2018","519.60","519.00","527.20","515.40","0.34K","-8.84%"
"Jul 13, 2018","570.00","578.40","580.40","570.00","0.04K","-2.40%"
"Jul 12, 2018","584.00","540.20","588.00","540.20","0.29K","6.57%"
"Jul 11, 2018","548.00","559.10","563.10","542.00","0.19K","-1.62%"
"Jul 10, 2018","557.00","560.00","562.80","553.00","0.23K","-0.23%"
"Jul 09, 2018","558.30","562.20","564.50","552.00","0.19K","-0.23%"
"Jul 06, 2018","559.60","557.20","561.80","552.30","0.19K","0.25%"
"Jul 05, 2018","558.20","561.80","564.10","540.00","0.64K","-0.62%"
"Jul 03, 2018","561.70","571.70","577.00","560.40","0.23K","-2.41%"
"Jul 02, 2018","575.60","577.40","579.30","570.20","0.58K","1.11%"
"Jun 29, 2018","569.30","563.00","573.00","561.70","0.58K","2.03%"
"Jun 28, 2018","558.00","552.40","559.00","550.10","0.48K","0.85%"
"Jun 27, 2018","553.30","562.00","565.90","550.40","0.64K","-1.79%"
"Jun 26, 2018","563.40","559.20","569.20","559.20","0.38K","-0.12%"
"Jun 25, 2018","564.10","555.00","570.30","548.40","0.43K","0.71%"
"Jun 22, 2018","560.10","562.00","562.00","552.60","0.70K","2.39%"
"Jun 21, 2018","547.00","524.30","547.00","523.00","0.84K","2.82%"
"Jun 20, 2018","532.00","525.20","537.30","510.20","1.67K","0.72%"
"Jun 19, 2018","528.20","539.20","543.20","528.20","0.60K","-2.76%"
"Jun 18, 2018","543.20","560.20","561.90","543.20","0.53K","-2.69%"
"Jun 15, 2018","558.20","565.80","566.60","551.30","0.77K","-1.43%"
"Jun 14, 2018","566.30","540.00","572.00","538.10","1.38K","2.11%"
"Jun 13, 2018","554.60","562.70","562.80","554.60","0.35K","-2.63%"
"Jun 12, 2018","569.60","572.00","573.70","569.60","0.53K","-1.73%"
"Jun 11, 2018","579.60","584.00","588.70","579.60","0.47K","-1.70%"
"Jun 08, 2018","589.60","598.90","603.00","589.50","0.53K","-1.65%"
"Jun 07, 2018","599.50","596.80","602.70","593.10","0.48K","1.15%"
"Jun 06, 2018","592.70","590.00","596.80","589.50","0.45K","0.66%"
"Jun 05, 2018","588.80","584.00","595.10","583.60","0.50K","0.07%"
"Jun 04, 2018","588.40","589.80","593.20","585.60","0.39K","-0.88%"
"Jun 01, 2018","593.60","604.80","606.10","587.80","0.57K","-0.59%"
"May 31, 2018","597.10","591.00","608.60","589.40","0.86K","-0.33%"
"May 30, 2018","599.10","610.80","611.00","599.10","0.57K","-1.64%"
"May 29, 2018","609.10","614.30","614.30","595.20","1.13K","1.64%"
"May 25, 2018","599.30","599.30","599.30","599.30","0.03K","1.70%"
"May 24, 2018","589.30","589.30","589.30","589.30","0.21K","1.73%"
"May 23, 2018","579.30","579.00","609.00","579.00","1.68K","-2.47%"
"May 22, 2018","594.00","594.00","594.00","594.00","0.11K","-2.46%"
"May 21, 2018","609.00","612.90","612.90","609.00","0.53K","-2.40%"
"May 18, 2018","624.00","639.80","648.50","624.00","0.98K","-2.35%"
"May 17, 2018","639.00","635.00","639.00","631.60","0.61K","1.59%"
"May 16, 2018","629.00","629.00","629.00","626.80","0.14K","2.49%"
"May 15, 2018","613.70","654.50","655.00","613.70","0.01K","-5.73%"
"May 14, 2018","651.00","610.50","659.00","610.40","0.27K","7.25%"
"May 11, 2018","607.00","605.00","611.90","604.80","0.11K","1.35%"
"May 10, 2018","598.90","596.20","602.20","594.20","0.06K","0.34%"
"May 09, 2018","596.90","598.00","601.50","586.80","0.24K","-0.85%"
"May 08, 2018","602.00","605.10","610.00","598.90","0.33K","-0.66%"
"May 07, 2018","606.00","603.00","607.70","600.10","0.32K","0.92%"
"May 04, 2018","600.50","595.50","603.50","595.50","0.18K","2.91%"
"May 03, 2018","583.50","592.00","594.90","582.90","0.32K","-1.93%"
"May 02, 2018","595.00","595.10","601.80","590.00","0.52K","0.54%"
"May 01, 2018","591.80","577.20","596.80","577.20","0.58K","2.53%"
"Apr 30, 2018","577.20","571.40","580.00","571.00","0.49K","1.03%"
"Apr 27, 2018","571.30","564.10","571.30","563.90","0.60K","1.31%"
"Apr 26, 2018","563.90","560.60","563.90","555.70","0.65K","1.38%"
"Apr 25, 2018","556.20","556.60","561.70","554.70","0.77K","-0.07%"
"Apr 24, 2018","556.60","550.10","556.70","546.30","0.64K","1.81%"
"Apr 23, 2018","546.70","547.20","551.00","542.00","0.54K","-0.35%"
"Apr 20, 2018","548.60","549.90","551.70","546.20","0.69K","-0.65%"
"Apr 19, 2018","552.20","550.60","554.80","546.00","0.85K","0.27%"
"Apr 18, 2018","550.70","543.40","552.10","543.40","0.78K","1.59%"
"Apr 17, 2018","542.10","535.50","545.70","535.50","0.66K","1.18%"
"Apr 16, 2018","535.80","530.10","536.80","529.50","0.62K","1.71%"
"Apr 13, 2018","526.80","526.00","532.50","518.40","0.34K","0.48%"
"Apr 12, 2018","524.30","520.80","529.70","518.40","0.45K","0.23%"
"Apr 11, 2018","523.10","532.70","533.80","523.10","0.77K","-1.88%"
"Apr 10, 2018","533.10","538.10","539.70","531.90","0.54K","-0.21%"
"Apr 09, 2018","534.20","533.30","536.00","530.10","0.46K","-0.37%"
"Apr 06, 2018","536.20","538.50","540.40","530.00","0.56K","-0.04%"
"Apr 05, 2018","536.40","527.80","536.40","527.10","0.78K","1.90%"
"Apr 04, 2018","526.40","526.40","526.40","522.00","0.45K","1.94%"
"Apr 03, 2018","516.40","513.00","522.70","513.00","0.63K","0.72%"
"Apr 02, 2018","512.70","518.00","519.40","512.00","0.58K","-0.58%"
"Mar 29, 2018","515.70","510.90","517.10","510.90","0.69K","1.70%"
"Mar 28, 2018","507.10","507.00","511.90","498.60","0.53K","0.02%"
"Mar 27, 2018","507.00","499.40","507.10","498.00","0.86K","1.99%"
"Mar 26, 2018","497.10","488.20","497.60","488.20","0.45K","1.95%"
"Mar 23, 2018","487.60","482.70","491.40","482.00","0.27K","0.58%"
"Mar 22, 2018","484.80","481.30","487.30","480.70","0.29K","0.41%"
"Mar 21, 2018","482.80","487.90","489.60","481.30","0.29K","-1.41%"
"Mar 20, 2018","489.70","487.10","490.50","487.00","0.13K","0.64%"
"Mar 19, 2018","486.60","484.50","493.30","484.50","0.25K","-0.51%"
"Mar 16, 2018","489.10","493.30","496.00","487.50","0.42K","-7.72%"
"Mar 15, 2018","530.00","515.70","530.00","515.50","0.02K","2.67%"
"Mar 14, 2018","516.20","517.20","519.50","510.10","0.05K","-0.19%"
"Mar 13, 2018","517.20","505.60","518.30","505.60","0.14K","0.76%"
"Mar 12, 2018","513.30","507.80","513.80","500.80","0.14K","1.64%"
"Mar 09, 2018","505.00","492.00","508.10","492.00","0.11K","2.75%"
"Mar 08, 2018","491.50","497.00","497.00","490.00","0.22K","-1.21%"
"Mar 07, 2018","497.50","509.70","511.90","496.10","0.42K","-2.45%"
"Mar 06, 2018","510.00","510.50","514.20","509.70","0.43K","-0.37%"
"Mar 05, 2018","511.90","514.10","522.70","511.00","0.41K","-0.70%"
"Mar 02, 2018","515.50","513.40","518.80","512.50","0.57K","0.49%"
"Mar 01, 2018","513.00","516.60","517.70","507.00","0.58K","-0.70%"
"Feb 28, 2018","516.60","521.20","523.70","513.30","0.63K","-1.22%"
"Feb 27, 2018","523.00","523.20","524.70","519.00","0.41K","0.00%"
"Feb 26, 2018","523.00","530.50","530.50","522.60","0.40K","-0.72%"
"Feb 23, 2018","526.80","521.70","532.60","521.40","0.54K","0.78%"
"Feb 22, 2018","522.70","525.80","528.00","519.00","0.95K","-0.70%"
"Feb 21, 2018","526.40","520.70","526.80","518.10","1.02K","1.86%"
"Feb 20, 2018","516.80","514.10","517.80","506.00","1.05K","1.77%"
"Feb 16, 2018","507.80","510.00","510.60","506.80","0.64K","1.42%"
"Feb 15, 2018","500.70","504.30","509.20","500.00","0.75K","0.02%"
"Feb 14, 2018","500.60","495.10","501.50","495.00","1.00K","1.85%"
"Feb 13, 2018","491.50","486.60","495.00","486.00","0.42K","1.24%"
"Feb 12, 2018","485.50","482.80","492.00","481.80","0.36K","0.52%"
"Feb 09, 2018","483.00","493.00","493.70","482.40","0.51K","-1.81%"
"Feb 08, 2018","491.90","493.20","496.60","490.00","0.53K","-0.36%"
"Feb 07, 2018","493.70","484.50","494.00","484.50","0.74K","2.00%"
"Feb 06, 2018","484.00","474.00","487.90","473.10","0.47K","1.28%"
"Feb 05, 2018","477.90","479.70","481.20","474.90","0.34K","-1.20%"
"Feb 02, 2018","483.70","481.10","485.10","477.40","0.64K","1.81%"
"Feb 01, 2018","475.10","474.20","479.90","472.90","0.44K","0.89%"
"Jan 31, 2018","470.90","468.10","477.80","468.00","0.57K","0.66%"
"Jan 30, 2018","467.80","472.30","474.00","467.80","0.74K","-2.09%"
"Jan 29, 2018","477.80","489.90","489.90","477.30","0.43K","-1.95%"
"Jan 26, 2018","487.30","485.10","488.00","482.30","0.62K","1.95%"
"Jan 25, 2018","478.00","475.00","482.90","473.70","0.49K","1.08%"
"Jan 24, 2018","472.90","473.10","476.60","472.50","0.27K","0.21%"
"Jan 23, 2018","471.90","473.90","475.90","469.80","0.35K","-0.61%"
"Jan 22, 2018","474.80","480.00","481.80","473.70","0.27K","-1.08%"
"Jan 19, 2018","480.00","481.10","482.90","477.00","0.29K","0.10%"
"Jan 18, 2018","479.50","477.50","481.70","473.10","0.44K","0.65%"
"Jan 17, 2018","476.40","473.40","479.50","471.40","0.53K","0.36%"
"Jan 16, 2018","474.70","469.50","475.00","467.80","0.59K","0.57%"
"Jan 12, 2018","472.00","494.00","494.70","472.00","0.01K","-4.53%"
"Jan 11, 2018","494.40","484.90","501.40","483.00","0.13K","2.96%"
"Jan 10, 2018","480.20","472.00","484.50","472.00","0.25K","1.85%"
"Jan 09, 2018","471.50","461.40","472.00","460.00","0.21K","2.06%"
"Jan 08, 2018","462.00","460.10","464.00","460.00","0.24K","0.15%"
"Jan 05, 2018","461.30","456.90","462.90","455.00","0.46K","0.99%"
"Jan 04, 2018","456.80","457.30","459.20","455.20","0.27K","0.24%"
"Jan 03, 2018","455.70","452.40","457.70","450.90","0.36K","0.60%"
"Jan 02, 2018","453.00","449.00","458.00","449.00","0.50K","1.12%"
"Dec 29, 2017","448.00","446.70","450.50","445.50","-","0.20%"
"Dec 28, 2017","447.10","449.10","449.10","445.30","0.56K","-0.78%"
"Dec 27, 2017","450.60","449.70","453.60","449.70","0.27K","-0.31%"
"Dec 26, 2017","452.00","453.00","455.40","449.50","0.19K","0.31%"
"Dec 22, 2017","450.60","445.10","450.60","445.10","0.48K","2.27%"
"Dec 21, 2017","440.60","429.80","440.60","429.00","0.56K","2.32%"
"Dec 20, 2017","430.60","431.20","431.70","428.50","0.76K","-0.14%"
"Dec 19, 2017","431.20","437.20","441.90","429.40","1.09K","-0.85%"
"Dec 18, 2017","434.90","435.00","439.00","429.00","0.72K","0.69%"
"Dec 15, 2017","431.90","428.00","434.50","426.00","0.51K","0.28%"
"Dec 14, 2017","430.70","427.90","431.10","425.20","0.75K","2.28%"
"Dec 13, 2017","421.10","420.90","425.70","417.20","0.56K","-0.57%"
"Dec 12, 2017","423.50","425.70","427.40","422.50","0.50K","-1.49%"
"Dec 11, 2017","429.90","429.70","432.70","426.20","0.41K","0.05%"
"Dec 08, 2017","429.70","424.00","430.70","424.00","0.65K","0.89%"
"Dec 07, 2017","425.90","423.60","429.50","423.60","0.45K","0.35%"
"Dec 06, 2017","424.40","420.00","426.00","418.60","0.39K","0.45%"
"Dec 05, 2017","422.50","426.20","427.00","422.50","0.58K","-2.31%"
"Dec 04, 2017","432.50","437.40","438.60","431.20","0.33K","-0.67%"
"Dec 01, 2017","435.40","432.30","437.70","430.00","0.74K","1.80%"
"Nov 30, 2017","427.70","421.00","430.30","420.70","0.44K","1.40%"
"Nov 29, 2017","421.80","428.60","429.70","419.80","0.63K","-1.03%"
"Nov 28, 2017","426.20","420.70","426.20","419.00","0.46K","2.40%"
"Nov 27, 2017","416.20","421.10","421.10","411.20","0.63K","-1.07%"
"Nov 24, 2017","420.70","425.60","426.10","418.10","0.64K","-1.59%"
"Nov 22, 2017","427.50","435.00","435.30","426.70","0.64K","-0.88%"
"Nov 21, 2017","431.30","429.10","435.00","425.00","0.66K","0.37%"
"Nov 20, 2017","429.70","438.50","440.30","429.70","0.63K","-2.27%"
"Nov 17, 2017","439.70","451.90","451.90","439.70","0.32K","-2.22%"
"Nov 16, 2017","449.70","452.20","455.90","448.00","0.43K","-10.06%"
"Nov 15, 2017","500.00","465.00","500.00","465.00","0.01K","5.71%"
"Nov 14, 2017","473.00","468.00","477.70","464.00","0.14K","1.20%"
"Nov 13, 2017","467.40","470.90","472.40","466.60","0.15K","-0.76%"
"Nov 10, 2017","471.00","463.00","471.70","462.50","0.10K","1.79%"
"Nov 09, 2017","462.70","461.50","465.50","457.10","0.10K","0.19%"
"Nov 08, 2017","461.80","464.00","467.00","459.40","0.18K","-0.65%"
"Nov 07, 2017","464.80","463.00","467.40","460.60","0.16K","0.69%"
"Nov 06, 2017","461.60","448.60","464.20","448.40","0.19K","2.81%"
"Nov 03, 2017","449.00","447.10","453.60","444.90","0.27K","0.00%"
"Nov 02, 2017","449.00","468.60","471.00","438.00","0.61K","-3.73%"
"Nov 01, 2017","466.40","463.90","471.30","461.50","0.74K","1.75%"
"Oct 31, 2017","458.40","452.20","458.40","452.20","0.49K","2.23%"
"Oct 30, 2017","448.40","447.00","452.00","444.80","0.54K","-0.55%"
"Oct 27, 2017","450.90","442.10","450.90","440.80","0.63K","2.27%"
"Oct 26, 2017","440.90","439.50","442.00","438.40","0.56K","0.27%"
"Oct 25, 2017","439.70","439.00","441.20","434.60","0.49K","-0.20%"
"Oct 24, 2017","440.60","443.00","444.40","436.10","0.67K","1.15%"
"Oct 23, 2017","435.60","424.10","437.50","424.10","0.74K","1.89%"
"Oct 20, 2017","427.50","428.00","430.70","425.40","0.52K","0.19%"
"Oct 19, 2017","426.70","422.10","428.40","421.30","0.51K","0.71%"
"Oct 18, 2017","423.70","425.00","425.70","420.40","0.52K","-1.12%"
"Oct 17, 2017","428.50","433.50","434.40","425.40","0.45K","-0.30%"
"Oct 16, 2017","429.80","426.40","433.50","424.50","0.72K","1.30%"
"Oct 13, 2017","424.30","422.50","426.30","421.00","0.69K","1.70%"
"Oct 12, 2017","417.20","411.80","419.20","411.80","0.53K","1.96%"
"Oct 11, 2017","409.20","408.10","411.30","407.20","0.37K","0.47%"
"Oct 10, 2017","407.30","416.30","417.50","406.30","0.63K","-1.55%"
"Oct 09, 2017","413.70","414.00","417.00","411.60","0.20K","0.39%"
"Oct 06, 2017","412.10","412.00","413.80","410.00","0.24K","0.78%"
"Oct 05, 2017","408.90","407.80","413.70","405.70","0.41K","0.02%"
"Oct 04, 2017","408.80","412.30","412.30","405.30","0.36K","-0.39%"
"Oct 03, 2017","410.40","407.00","412.50","407.00","0.46K","0.88%"
"Oct 02, 2017","406.80","402.20","408.40","402.20","0.40K","1.14%"
"Sep 29, 2017","402.20","403.80","408.50","400.60","0.64K","-0.05%"
"Sep 28, 2017","402.40","397.80","403.50","397.10","0.87K","2.26%"
"Sep 27, 2017","393.50","387.70","396.50","387.00","0.57K","1.18%"
"Sep 26, 2017","388.90","389.80","392.30","386.10","0.33K","-0.28%"
"Sep 25, 2017","390.00","392.00","394.80","388.50","0.36K","-0.79%"
"Sep 22, 2017","393.10","389.00","394.50","389.00","0.61K","1.21%"
"Sep 21, 2017","388.40","390.10","391.70","387.30","0.47K","-0.41%"
"Sep 20, 2017","390.00","389.50","391.40","388.00","0.48K","2.15%"
"Sep 19, 2017","381.80","382.80","388.80","379.60","0.59K","0.69%"
"Sep 18, 2017","379.20","377.30","381.80","373.60","0.33K","-4.05%"
"Sep 15, 2017","395.20","411.70","411.70","395.10","0.01K","-3.42%"
"Sep 14, 2017","409.20","400.90","411.70","400.90","0.04K","2.71%"
"Sep 13, 2017","398.40","396.00","399.00","395.60","0.08K","0.86%"
"Sep 12, 2017","395.00","394.30","397.30","389.80","0.16K","0.82%"
"Sep 11, 2017","391.80","393.50","394.00","386.10","0.15K","-1.93%"
"Sep 08, 2017","399.50","397.60","402.80","396.30","0.10K","1.32%"
"Sep 07, 2017","394.30","390.90","396.60","389.80","0.19K","1.10%"
"Sep 06, 2017","390.00","394.00","394.70","389.00","0.24K","-1.61%"
"Sep 05, 2017","396.40","389.80","398.30","389.60","0.50K","2.48%"
"Sep 01, 2017","386.80","387.40","389.20","385.90","0.41K","0.29%"
"Aug 31, 2017","385.70","384.00","388.10","382.50","0.66K","1.50%"
"Aug 30, 2017","380.00","377.50","382.50","374.30","0.28K","0.98%"
"Aug 29, 2017","376.30","371.60","376.80","370.10","0.76K","-1.00%"
"Aug 28, 2017","380.10","374.20","382.00","374.00","0.50K","2.18%"
"Aug 25, 2017","372.00","379.60","381.80","370.20","0.56K","-0.51%"
"Aug 24, 2017","373.90","366.10","375.90","365.00","0.59K","2.19%"
"Aug 23, 2017","365.90","367.90","367.90","364.10","0.15K","-0.46%"
"Aug 22, 2017","367.60","367.00","369.40","365.20","0.17K","0.63%"
"Aug 21, 2017","365.30","368.00","369.50","362.90","0.28K","-0.27%"
"Aug 18, 2017","366.30","369.60","370.00","365.00","0.33K","-1.35%"
"Aug 17, 2017","371.30","371.00","374.30","370.00","0.26K","0.27%"
"Aug 16, 2017","370.30","370.00","372.00","366.20","0.27K","-0.88%"
"Aug 15, 2017","373.60","373.00","375.00","370.10","0.36K","0.89%"
"Aug 14, 2017","370.30","365.50","372.70","365.50","0.36K","1.34%"
"Aug 11, 2017","365.40","363.20","366.00","360.40","0.55K","-0.03%"
"Aug 10, 2017","365.50","368.50","368.50","363.20","0.44K","-0.68%"
"Aug 09, 2017","368.00","373.50","374.60","367.40","0.35K","0.00%"
"Aug 08, 2017","368.00","366.20","371.60","364.10","0.49K","0.11%"
"Aug 07, 2017","367.60","369.80","370.50","366.40","0.48K","-1.66%"
"Aug 04, 2017","373.80","378.20","378.20","373.80","0.37K","-2.61%"
"Aug 03, 2017","383.80","386.30","387.60","377.10","0.34K","-0.23%"
"Aug 02, 2017","384.70","383.10","388.00","381.00","0.45K","1.00%"
"Aug 01, 2017","380.90","379.60","382.80","379.60","0.43K","0.69%"
"Jul 31, 2017","378.30","378.00","381.20","371.20","0.54K","0.16%"
"Jul 28, 2017","377.70","380.80","383.10","376.20","0.31K","-0.97%"
"Jul 27, 2017","381.40","380.70","382.40","378.90","0.25K","1.03%"
"Jul 26, 2017","377.50","377.40","381.40","376.00","0.30K","0.08%"
"Jul 25, 2017","377.20","379.30","380.70","375.60","0.35K","-0.45%"
"Jul 24, 2017","378.90","388.80","389.20","377.30","0.54K","-2.02%"
"Jul 21, 2017","386.70","393.70","394.50","385.70","0.41K","-0.49%"
"Jul 20, 2017","388.60","393.30","394.90","386.50","0.77K","-0.05%"
"Jul 19, 2017","388.80","387.20","391.60","385.30","0.49K","0.86%"
"Jul 18, 2017","385.50","389.60","392.00","382.70","0.65K","-0.46%"
"Jul 17, 2017","387.30","382.40","387.30","382.00","0.55K","-3.90%"
"Jul 14, 2017","403.00","396.50","403.00","396.50","0.07K","2.81%"
"Jul 13, 2017","392.00","390.20","396.80","387.10","0.13K","-0.51%"
"Jul 12, 2017","394.00","390.40","395.00","390.40","0.17K","1.34%"
"Jul 11, 2017","388.80","385.00","390.90","385.00","0.22K","2.34%"
"Jul 10, 2017","379.90","368.20","383.40","368.00","0.52K","3.94%"
"Jul 07, 2017","365.50","363.00","365.70","361.70","0.23K","0.88%"
"Jul 06, 2017","362.30","365.60","365.90","359.60","0.25K","-0.69%"
"Jul 05, 2017","364.80","362.20","367.20","362.20","0.07K","-0.60%"
"Jul 03, 2017","367.00","365.60","367.00","364.50","0.04K","0.30%"
"Jun 30, 2017","365.90","366.50","368.80","364.70","0.47K","-0.03%"
"Jun 29, 2017","366.00","360.00","367.00","360.00","0.38K","2.01%"
"Jun 28, 2017","358.80","353.80","360.10","352.60","0.44K","1.47%"
"Jun 27, 2017","353.60","355.10","356.30","352.60","0.56K","-2.02%"
"Jun 26, 2017","360.90","362.00","366.80","354.80","0.62K","-0.77%"
"Jun 23, 2017","363.70","362.00","365.30","361.80","0.15K","0.19%"
"Jun 22, 2017","363.00","361.80","364.30","359.10","0.27K","0.81%"
"Jun 21, 2017","360.10","365.70","365.70","357.40","0.20K","-0.96%"
"Jun 20, 2017","363.60","368.20","369.30","363.30","0.31K","-1.25%"
"Jun 19, 2017","368.20","363.20","370.00","362.70","0.30K","1.32%"
"Jun 16, 2017","363.40","364.80","366.00","362.00","0.25K","-0.57%"
"Jun 15, 2017","365.50","368.70","369.20","364.30","0.36K","-0.68%"
"Jun 14, 2017","368.00","368.90","370.00","365.60","0.26K","-0.24%"
"Jun 13, 2017","368.90","370.20","372.60","367.50","0.56K","-0.35%"
"Jun 12, 2017","370.20","364.20","372.40","363.40","0.35K","1.59%"
"Jun 09, 2017","364.40","362.50","366.60","362.50","0.21K","0.22%"
"Jun 08, 2017","363.60","361.00","367.00","360.50","0.45K","1.59%"
"Jun 07, 2017","357.90","357.80","362.80","353.80","0.51K","0.82%"
"Jun 06, 2017","355.00","352.90","361.60","351.90","0.27K","0.97%"
"Jun 05, 2017","351.60","351.20","355.60","349.90","0.41K","-0.54%"
"Jun 02, 2017","353.50","354.80","354.90","350.60","0.44K","0.08%"
"Jun 01, 2017","353.20","351.00","355.10","350.10","0.93K","2.35%"
"May 31, 2017","345.10","344.30","349.30","340.30","0.63K","-0.49%"
"May 30, 2017","346.80","356.00","359.20","345.00","0.72K","-2.09%"
"May 26, 2017","354.20","351.30","355.00","350.40","0.33K","0.34%"
"May 25, 2017","353.00","363.00","363.50","351.60","0.66K","-2.38%"
"May 24, 2017","361.60","362.80","365.60","361.00","0.26K","-0.30%"
"May 23, 2017","362.70","362.90","364.30","361.30","0.21K","-0.17%"
"May 22, 2017","363.30","362.30","364.80","360.20","0.32K","0.08%"
"May 19, 2017","363.00","368.00","368.00","362.20","0.43K","-1.28%"
"May 18, 2017","367.70","374.00","375.20","366.70","0.36K","-1.61%"
"May 17, 2017","373.70","372.00","377.70","370.50","0.47K","0.54%"
"May 16, 2017","371.70","370.00","373.80","367.10","0.34K","-4.08%"
"May 15, 2017","387.50","379.30","387.50","376.00","0.09K","3.39%"
"May 12, 2017","374.80","374.80","377.00","370.20","0.13K","-0.19%"
"May 11, 2017","375.50","367.40","377.60","366.80","0.11K","1.93%"
"May 10, 2017","368.40","380.00","380.10","367.20","0.38K","-2.98%"
"May 09, 2017","379.70","381.00","383.00","377.50","0.15K","-0.39%"
"May 08, 2017","381.20","383.00","385.00","379.20","0.14K","-0.47%"
"May 05, 2017","383.00","389.90","389.90","382.40","0.17K","-1.42%"
"May 04, 2017","388.50","387.00","390.00","385.30","0.17K","1.28%"
"May 03, 2017","383.60","386.60","391.80","383.00","0.19K","-0.42%"
"May 02, 2017","385.20","390.20","393.30","384.90","0.24K","-0.80%"
"May 01, 2017","388.30","382.00","392.90","381.40","0.46K","2.24%"
"Apr 28, 2017","379.80","378.70","381.60","376.40","0.33K","0.56%"
"Apr 27, 2017","377.70","378.80","380.80","377.20","0.34K","0.13%"
"Apr 26, 2017","377.20","376.40","387.30","375.30","0.69K","-2.05%"
"Apr 25, 2017","385.10","385.10","385.10","385.10","0.38K","-2.53%"
"Apr 24, 2017","395.10","400.90","402.70","390.40","0.79K","-0.85%"
"Apr 21, 2017","398.50","390.80","398.80","390.80","0.52K","2.49%"
"Apr 20, 2017","388.80","387.80","393.50","386.40","0.42K","0.36%"
"Apr 19, 2017","387.40","387.20","392.10","384.10","0.27K","0.62%"
"Apr 18, 2017","385.00","390.20","390.50","382.20","0.50K","-0.44%"
"Apr 17, 2017","386.70","387.90","392.00","384.00","0.34K","0.44%"
"Apr 13, 2017","385.00","393.20","399.60","383.50","0.70K","-2.16%"
"Apr 12, 2017","393.50","405.20","407.20","393.50","0.49K","-2.48%"
"Apr 11, 2017","403.50","393.70","403.80","391.00","0.52K","2.46%"
"Apr 10, 2017","393.80","414.60","414.60","390.90","1.23K","-1.45%"
"Apr 07, 2017","399.60","399.60","399.60","399.60","0.27K","2.57%"
"Apr 06, 2017","389.60","384.30","389.60","383.70","0.88K","2.63%"
"Apr 05, 2017","379.60","376.20","383.10","375.10","0.61K","1.74%"
"Apr 04, 2017","373.10","373.50","376.30","369.80","0.27K","-0.24%"
"Apr 03, 2017","374.00","376.90","377.70","372.60","0.74K","-1.94%"
"Mar 31, 2017","381.40","377.60","383.90","377.50","0.82K","1.60%"
"Mar 30, 2017","375.40","369.90","378.60","369.30","0.65K","1.68%"
"Mar 29, 2017","369.20","367.90","374.20","367.90","0.20K","0.00%"
"Mar 28, 2017","369.20","370.60","371.00","366.50","0.26K","-0.91%"
"Mar 27, 2017","372.60","374.90","375.90","371.00","0.20K","-1.06%"
"Mar 24, 2017","376.60","376.80","378.60","375.30","0.24K","-0.03%"
"Mar 23, 2017","376.70","373.70","379.80","372.50","0.36K","0.91%"
"Mar 22, 2017","373.30","372.20","374.20","372.20","0.10K","0.84%"
"Mar 21, 2017","370.20","373.30","377.20","367.90","0.40K","-0.22%"
"Mar 20, 2017","371.00","361.00","371.80","360.60","0.46K","2.54%"
"Mar 17, 2017","361.80","363.10","364.90","360.50","0.23K","-0.47%"
"Mar 16, 2017","363.50","364.70","365.00","362.70","0.18K","6.63%"
"Mar 15, 2017","340.90","345.50","348.80","340.20","0.08K","-1.53%"
"Mar 14, 2017","346.20","347.00","351.00","344.00","0.04K","0.35%"
"Mar 13, 2017","345.00","345.50","346.30","341.30","0.03K","-0.14%"
"Mar 10, 2017","345.50","347.00","350.20","344.20","-","-0.89%"
"Mar 09, 2017","348.60","354.20","354.90","347.10","0.20K","-2.27%"
"Mar 08, 2017","356.70","357.10","360.30","354.20","0.24K","-1.16%"
"Mar 07, 2017","360.90","356.00","363.20","354.10","0.20K","1.12%"
"Mar 06, 2017","356.90","353.50","359.00","353.50","0.18K","-0.03%"
"Mar 03, 2017","357.00","357.00","358.20","353.40","0.28K","0.37%"
"Mar 02, 2017","355.70","361.50","363.50","355.40","0.38K","-1.60%"
"Mar 01, 2017","361.50","364.00","366.20","361.20","0.26K","-1.34%"
"Feb 28, 2017","366.40","373.80","374.40","364.80","0.22K","-1.90%"
"Feb 27, 2017","373.50","366.60","375.30","366.50","0.43K","1.63%"
"Feb 24, 2017","367.50","362.90","370.70","360.50","0.32K","1.27%"
"Feb 23, 2017","362.90","364.00","365.00","361.20","0.37K","-0.22%"
"Feb 22, 2017","363.70","361.60","365.70","359.60","0.31K","0.66%"
"Feb 21, 2017","361.30","360.40","362.30","358.50","0.62K","-0.55%"
"Feb 17, 2017","363.30","361.70","364.30","360.90","0.39K","0.55%"
"Feb 16, 2017","361.30","368.70","369.70","359.60","0.46K","-1.20%"
"Feb 15, 2017","365.70","364.50","369.10","364.50","0.47K","0.08%"
"Feb 14, 2017","365.40","365.00","369.80","364.00","0.40K","0.00%"
"Feb 13, 2017","365.40","367.90","369.00","363.10","0.39K","-1.38%"
"Feb 10, 2017","370.50","377.00","377.80","367.20","0.52K","-1.31%"
"Feb 09, 2017","375.40","381.70","381.70","373.80","0.85K","0.94%"
"Feb 08, 2017","371.90","359.90","371.90","359.40","0.66K","2.76%"
"Feb 07, 2017","361.90","362.60","364.00","357.20","0.62K","0.50%"
"Feb 06, 2017","360.10","351.60","360.60","351.50","0.61K","2.71%"
"Feb 03, 2017","350.60","352.00","354.00","346.70","0.91K","0.78%"
"Feb 02, 2017","347.90","342.00","347.90","341.80","1.16K","2.96%"
"Feb 01, 2017","337.90","332.00","340.00","332.00","0.81K","2.39%"
"Jan 31, 2017","330.00","323.50","334.10","322.70","0.64K","1.79%"
"Jan 30, 2017","324.20","330.30","332.00","323.60","0.39K","-1.28%"
"Jan 27, 2017","328.40","327.30","331.80","327.00","0.33K","-1.08%"
"Jan 26, 2017","332.00","331.80","333.80","328.10","0.44K","1.00%"
"Jan 25, 2017","328.70","322.50","330.80","321.70","0.53K","2.46%"
"Jan 24, 2017","320.80","320.90","323.10","318.10","0.55K","-0.22%"
"Jan 23, 2017","321.50","327.00","327.30","320.20","0.36K","-1.23%"
"Jan 20, 2017","325.50","327.00","328.40","323.30","0.16K","-0.03%"
"Jan 19, 2017","325.60","325.30","327.80","323.20","0.22K","-0.37%"
"Jan 18, 2017","326.80","331.70","333.80","326.00","0.41K","-2.36%"
"Jan 17, 2017","334.70","333.00","339.00","331.50","0.65K","5.92%"
"Jan 13, 2017","316.00","303.50","316.00","303.10","-","3.61%"
"Jan 12, 2017","305.00","309.90","310.00","303.50","0.10K","-1.80%"
"Jan 11, 2017","310.60","307.50","316.70","307.50","0.13K","1.27%"
"Jan 10, 2017","306.70","304.90","307.50","303.30","0.15K","0.62%"
"Jan 09, 2017","304.80","312.40","312.60","304.10","0.24K","-2.59%"
"Jan 06, 2017","312.90","315.00","317.40","312.70","0.22K","-0.76%"
"Jan 05, 2017","315.30","315.20","317.00","313.60","0.19K","0.13%"
"Jan 04, 2017","314.90","315.90","316.00","314.20","0.16K","-0.16%"
"Jan 03, 2017","315.40","315.00","319.00","314.30","0.33K","-0.38%"
"Dec 30, 2016","316.60","312.50","318.90","312.50","0.28K","1.57%"
"Dec 29, 2016","311.70","312.50","313.10","308.70","0.13K","0.55%"
"Dec 28, 2016","310.00","305.10","313.70","303.10","0.45K","1.51%"
"Dec 27, 2016","305.40","307.70","308.50","304.60","0.19K","-0.75%"
"Dec 23, 2016","307.70","307.80","309.10","306.90","0.13K","-0.13%"
"Dec 22, 2016","308.10","310.20","310.50","307.50","0.16K","-0.23%"
"Dec 21, 2016","308.80","310.60","312.00","305.90","0.37K","-0.68%"
"Dec 20, 2016","310.90","306.50","313.90","306.50","0.40K","1.47%"
"Dec 19, 2016","306.40","309.60","310.50","305.80","0.27K","-0.94%"
"Dec 16, 2016","309.30","313.50","313.90","308.80","0.42K","-1.34%"
"Dec 15, 2016","313.50","314.60","317.60","313.10","0.31K","-0.79%"
"Dec 14, 2016","316.00","315.70","318.50","314.70","0.26K","0.16%"
"Dec 13, 2016","315.50","315.90","318.40","314.70","0.31K","-0.25%"
"Dec 12, 2016","316.30","317.20","317.60","314.30","0.42K","-0.32%"
"Dec 09, 2016","317.30","321.60","322.20","317.10","0.41K","-1.70%"
"Dec 08, 2016","322.80","325.60","327.10","321.70","0.34K","-1.79%"
"Dec 07, 2016","328.70","332.10","333.00","326.30","0.40K","-0.81%"
"Dec 06, 2016","331.40","331.80","332.80","329.50","0.31K","-0.45%"
"Dec 05, 2016","332.90","334.80","335.50","328.50","0.30K","-1.28%"
"Dec 02, 2016","337.20","332.60","338.30","331.10","0.59K","1.84%"
"Dec 01, 2016","331.10","330.80","333.30","328.20","0.48K","0.39%"
"Nov 30, 2016","329.80","335.00","335.30","328.30","0.65K","-0.15%"
"Nov 29, 2016","330.30","336.80","336.80","328.80","0.70K","-2.25%"
"Nov 28, 2016","337.90","340.00","344.40","336.90","0.96K","1.05%"
"Nov 25, 2016","334.40","334.40","334.40","334.40","0.16K","3.08%"
"Nov 23, 2016","324.40","322.00","327.90","318.00","0.47K","0.59%"
"Nov 22, 2016","322.50","323.20","325.40","320.10","0.21K","0.31%"
"Nov 21, 2016","321.50","323.70","323.70","318.70","0.24K","0.25%"
"Nov 18, 2016","320.70","321.90","322.60","318.30","0.32K","-0.74%"
"Nov 17, 2016","323.10","323.30","324.70","321.70","0.55K","2.38%"
"Nov 16, 2016","315.60","310.30","321.70","310.30","0.44K","8.83%"
"Nov 15, 2016","290.00","290.20","293.50","286.90","0.17K","-1.36%"
"Nov 14, 2016","294.00","302.70","304.40","291.50","0.12K","-3.57%"
"Nov 11, 2016","304.90","305.70","306.60","303.30","0.08K","0.93%"
"Nov 10, 2016","302.10","302.80","304.70","301.80","0.06K","-0.26%"
"Nov 09, 2016","302.90","303.10","305.70","301.80","0.11K","1.78%"
"Nov 08, 2016","297.60","299.60","299.80","296.70","0.09K","-0.57%"
"Nov 07, 2016","299.30","300.20","303.70","298.80","0.10K","-0.20%"
"Nov 04, 2016","299.90","302.00","305.70","299.40","0.14K","0.17%"
"Nov 03, 2016","299.40","296.00","303.50","295.40","0.11K","1.11%"
"Nov 02, 2016","296.10","303.50","304.00","295.40","0.14K","-0.97%"
"Nov 01, 2016","299.00","296.50","311.70","293.40","0.46K","0.27%"
"Oct 31, 2016","298.20","301.70","303.30","296.90","0.28K","-0.60%"
"Oct 28, 2016","300.00","304.40","304.40","299.10","0.28K","-1.67%"
"Oct 27, 2016","305.10","308.10","309.50","304.40","0.39K","-0.68%"
"Oct 26, 2016","307.20","306.70","308.70","305.90","0.31K","0.03%"
"Oct 25, 2016","307.10","309.00","309.70","306.30","0.27K","0.00%"
"Oct 24, 2016","307.10","309.50","312.50","306.80","0.38K","-0.29%"
"Oct 21, 2016","308.00","308.00","309.80","305.70","0.42K","-0.52%"
"Oct 20, 2016","309.60","313.70","314.90","308.20","0.41K","-1.75%"
"Oct 19, 2016","315.10","311.10","316.40","306.80","0.82K","1.42%"
"Oct 18, 2016","310.70","312.80","313.30","308.60","0.49K","-1.37%"
"Oct 17, 2016","315.00","323.70","324.40","314.00","0.67K","-2.60%"
"Oct 14, 2016","323.40","328.00","328.00","322.20","0.36K","-1.40%"
"Oct 13, 2016","328.00","333.50","333.50","325.10","0.56K","-1.97%"
"Oct 12, 2016","334.60","333.60","335.50","332.10","0.33K","0.69%"
"Oct 11, 2016","332.30","337.10","338.10","332.30","0.55K","-2.92%"
"Oct 10, 2016","342.30","339.50","343.70","339.00","0.46K","-0.23%"
"Oct 07, 2016","343.10","336.80","345.70","334.00","0.53K","2.11%"
"Oct 06, 2016","336.00","332.10","338.20","331.70","0.33K","1.30%"
"Oct 05, 2016","331.70","331.40","335.70","329.60","0.42K","0.42%"
"Oct 04, 2016","330.30","331.40","333.00","328.40","0.40K","-1.37%"
"Oct 03, 2016","334.90","336.70","338.80","333.90","0.67K","-0.45%"
"Sep 30, 2016","336.40","332.60","340.10","331.00","0.95K","1.91%"
"Sep 29, 2016","330.10","326.20","331.80","323.70","0.46K","1.38%"
"Sep 28, 2016","325.60","322.50","327.20","322.50","0.26K","-0.18%"
"Sep 27, 2016","326.20","327.00","329.00","321.70","0.25K","-0.28%"
"Sep 26, 2016","327.10","326.90","329.50","324.50","0.30K","0.00%"
"Sep 23, 2016","327.10","329.80","331.90","325.60","0.44K","0.52%"
"Sep 22, 2016","325.40","316.00","325.40","315.20","0.77K","3.17%"
"Sep 21, 2016","315.40","308.10","316.30","308.10","0.62K","2.97%"
"Sep 20, 2016","306.30","308.40","309.70","305.20","0.29K","0.23%"
"Sep 19, 2016","305.60","302.60","311.00","302.50","0.36K","0.56%"
"Sep 16, 2016","303.90","303.70","305.30","301.40","0.33K","1.71%"
"Sep 15, 2016","298.80","311.30","311.30","297.00","0.01K","-3.61%"
"Sep 14, 2016","310.00","310.00","310.60","308.50","0.03K","0.00%"
"Sep 13, 2016","310.00","310.80","310.80","307.10","0.07K","0.52%"
"Sep 12, 2016","308.40","308.40","313.70","308.00","0.07K","0.42%"
"Sep 09, 2016","307.10","305.30","307.40","304.30","0.05K","0.79%"
"Sep 08, 2016","304.70","308.00","308.50","303.30","0.08K","-1.17%"
"Sep 07, 2016","308.30","310.00","313.10","307.40","0.14K","-1.34%"
"Sep 06, 2016","312.50","307.90","318.80","307.90","0.51K","3.34%"
"Sep 02, 2016","302.40","306.70","306.70","301.80","0.17K","-2.04%"
"Sep 01, 2016","308.70","313.40","313.50","307.20","0.43K","-1.28%"
"Aug 31, 2016","312.70","313.50","314.10","311.60","0.26K","0.10%"
"Aug 30, 2016","312.40","312.50","316.00","311.20","0.40K","-0.10%"
"Aug 29, 2016","312.70","316.90","317.00","312.50","0.54K","-1.33%"
"Aug 26, 2016","316.90","318.50","320.30","316.80","0.56K","0.00%"
"Aug 25, 2016","316.90","317.20","319.30","315.20","0.63K","-0.63%"
"Aug 24, 2016","318.90","320.00","321.40","317.30","0.83K","-1.88%"
"Aug 23, 2016","325.00","323.30","329.90","320.30","0.65K","0.56%"
"Aug 22, 2016","323.20","321.90","324.80","321.60","0.43K","0.28%"
"Aug 19, 2016","322.30","320.90","323.50","319.10","0.26K","0.62%"
"Aug 18, 2016","320.30","321.30","322.80","319.50","0.37K","-0.84%"
"Aug 17, 2016","323.00","323.80","324.80","321.50","0.21K","-0.09%"
"Aug 16, 2016","323.30","325.50","327.60","322.10","0.22K","-0.40%"
"Aug 15, 2016","324.60","324.50","325.80","322.80","0.34K","0.15%"
"Aug 12, 2016","324.10","321.80","325.00","321.20","0.20K","0.46%"
"Aug 11, 2016","322.60","330.80","333.10","321.10","0.83K","-2.45%"
"Aug 10, 2016","330.70","334.90","336.70","328.40","0.49K","-0.45%"
"Aug 09, 2016","332.20","323.30","332.20","323.30","0.52K","3.10%"
"Aug 08, 2016","322.20","322.60","323.60","320.50","0.11K","-0.12%"
"Aug 05, 2016","322.60","323.90","326.00","321.80","0.35K","1.73%"
"Aug 04, 2016","317.10","316.60","324.80","315.40","0.41K","0.67%"
"Aug 03, 2016","315.00","316.00","317.60","314.50","0.26K","0.03%"
"Aug 02, 2016","314.90","315.60","319.40","314.60","0.41K","0.16%"
"Aug 01, 2016","314.40","318.00","318.00","313.30","0.63K","-1.26%"
"Jul 29, 2016","318.40","325.10","325.10","317.90","0.90K","-2.24%"
"Jul 28, 2016","325.70","327.90","328.70","324.10","0.42K","-0.79%"
"Jul 27, 2016","328.30","329.00","332.70","326.80","0.33K","-0.58%"
"Jul 26, 2016","330.20","327.10","332.20","326.00","0.21K","0.15%"
"Jul 25, 2016","329.70","325.50","332.50","323.80","0.27K","0.18%"
"Jul 22, 2016","329.10","328.60","333.60","327.80","0.22K","-0.24%"
"Jul 21, 2016","329.90","328.20","330.10","325.70","0.14K","0.70%"
"Jul 20, 2016","327.60","326.70","329.70","321.10","0.26K","0.58%"
"Jul 19, 2016","325.70","332.70","333.10","323.60","0.33K","-0.79%"
"Jul 18, 2016","328.30","336.40","338.70","327.50","0.40K","3.14%"
"Jul 15, 2016","318.30","323.00","323.00","314.30","0.02K","-1.52%"
"Jul 14, 2016","323.20","319.10","323.90","318.90","0.03K","1.67%"
"Jul 13, 2016","317.90","317.20","318.70","315.00","0.09K","0.41%"
"Jul 12, 2016","316.60","315.00","317.50","314.00","0.05K","0.67%"
"Jul 11, 2016","314.50","313.30","316.00","312.50","0.11K","0.77%"
"Jul 08, 2016","312.10","314.60","315.30","311.00","0.10K","0.00%"
"Jul 07, 2016","312.10","312.10","315.70","312.00","0.07K","-0.95%"
"Jul 06, 2016","315.10","315.00","317.50","314.00","0.15K","-0.76%"
"Jul 05, 2016","317.50","308.50","317.50","306.30","0.26K","2.65%"
"Jul 01, 2016","309.30","308.70","310.80","307.30","0.12K","1.78%"
"Jun 30, 2016","303.90","303.70","306.90","301.00","0.14K","-0.07%"
"Jun 29, 2016","304.10","305.50","306.60","302.60","0.15K","1.60%"
"Jun 28, 2016","299.30","297.30","304.60","295.50","0.23K","1.60%"
"Jun 27, 2016","294.60","295.90","299.30","294.10","0.46K","-0.30%"
"Jun 24, 2016","295.50","293.60","297.70","293.20","0.39K","-1.92%"
"Jun 23, 2016","301.30","299.40","304.30","297.70","0.54K","0.63%"
"Jun 22, 2016","299.40","298.90","301.80","296.60","0.35K","0.20%"
"Jun 21, 2016","298.80","300.50","303.60","297.50","0.59K","-0.33%"
"Jun 20, 2016","299.80","300.70","302.90","298.10","0.42K","0.60%"
"Jun 17, 2016","298.00","302.00","304.20","298.00","0.23K","-1.26%"
"Jun 16, 2016","301.80","297.00","306.10","295.50","0.41K","1.31%"
"Jun 15, 2016","297.90","298.20","299.70","295.30","0.45K","0.17%"
"Jun 14, 2016","297.40","302.20","302.20","294.50","0.60K","-1.56%"
"Jun 13, 2016","302.10","305.00","308.90","301.00","0.28K","-1.31%"
"Jun 10, 2016","306.10","308.40","311.30","302.80","0.70K","1.12%"
"Jun 09, 2016","302.70","297.10","302.70","297.00","0.56K","3.42%"
"Jun 08, 2016","292.70","297.30","297.30","291.20","0.78K","-2.07%"
"Jun 07, 2016","298.90","306.10","306.40","296.90","0.66K","-2.35%"
"Jun 06, 2016","306.10","304.10","307.80","303.30","0.48K","1.42%"
"Jun 03, 2016","301.80","301.80","304.30","298.30","0.38K","1.68%"
"Jun 02, 2016","296.80","297.00","299.70","295.80","0.49K","0.10%"
"Jun 01, 2016","296.50","300.60","300.80","295.10","0.92K","-2.27%"
"May 31, 2016","303.40","305.90","307.40","300.90","0.63K","-1.91%"
"May 27, 2016","309.30","313.10","314.00","308.00","0.27K","0.26%"
"May 26, 2016","308.50","304.10","312.90","304.00","0.50K","1.85%"
"May 25, 2016","302.90","302.30","306.40","300.30","0.24K","0.63%"
"May 24, 2016","301.00","298.10","304.80","297.70","0.31K","0.97%"
"May 23, 2016","298.10","305.00","305.10","297.50","0.54K","-2.99%"
"May 20, 2016","307.30","311.00","311.10","307.10","0.15K","-0.68%"
"May 19, 2016","309.40","315.90","316.60","308.90","0.46K","-2.98%"
"May 18, 2016","318.90","321.40","323.20","315.50","0.51K","-1.51%"
"May 17, 2016","323.80","323.50","327.90","320.10","0.25K","-1.28%"
"May 16, 2016","328.00","320.80","328.30","320.70","0.42K","7.19%"
"May 13, 2016","306.00","303.00","310.00","303.00","-","1.02%"
"May 12, 2016","302.90","307.80","315.30","302.50","0.06K","-1.34%"
"May 11, 2016","307.00","308.00","313.90","306.00","0.03K","-0.32%"
"May 10, 2016","308.00","303.50","311.20","302.30","0.08K","1.08%"
"May 09, 2016","304.70","298.60","305.20","298.10","0.21K","2.77%"
"May 06, 2016","296.50","299.20","299.20","294.30","0.21K","0.03%"
"May 05, 2016","296.40","292.50","299.40","292.50","0.24K","1.86%"
"May 04, 2016","291.00","288.70","291.80","286.80","0.12K","0.76%"
"May 03, 2016","288.80","291.20","291.20","284.10","0.20K","-1.94%"
"May 02, 2016","294.50","296.80","298.80","293.00","0.12K","-0.37%"
"Apr 29, 2016","295.60","300.80","301.90","293.50","0.42K","-1.63%"
"Apr 28, 2016","300.50","296.90","301.60","295.90","0.25K","1.45%"
"Apr 27, 2016","296.20","287.70","296.20","287.50","0.52K","3.49%"
"Apr 26, 2016","286.20","285.60","293.90","285.00","0.41K","-0.24%"
"Apr 25, 2016","286.90","281.00","291.10","277.50","0.46K","1.95%"
"Apr 22, 2016","281.40","282.10","285.00","280.60","0.38K","0.54%"
"Apr 21, 2016","279.90","280.70","284.00","278.40","0.49K","-0.96%"
"Apr 20, 2016","282.60","283.70","284.00","279.50","0.44K","-0.04%"
"Apr 19, 2016","282.70","276.90","286.20","275.40","0.55K","2.35%"
"Apr 18, 2016","276.20","278.40","280.50","274.30","0.61K","-1.53%"
"Apr 15, 2016","280.50","284.70","285.40","278.50","0.75K","-2.57%"
"Apr 14, 2016","287.90","290.50","291.90","284.80","0.39K","-1.74%"
"Apr 13, 2016","293.00","294.20","298.90","291.30","0.20K","-1.25%"
"Apr 12, 2016","296.70","291.80","300.20","290.10","0.50K","1.89%"
"Apr 11, 2016","291.20","289.00","293.10","286.30","0.36K","0.24%"
"Apr 08, 2016","290.50","290.10","295.60","288.10","0.35K","-0.95%"
"Apr 07, 2016","293.30","293.20","296.80","289.60","0.24K","-0.17%"
"Apr 06, 2016","293.80","290.10","295.80","288.10","0.32K","1.77%"
"Apr 05, 2016","288.70","292.50","292.60","286.00","0.40K","-1.33%"
"Apr 04, 2016","292.60","296.80","297.90","290.80","0.82K","-2.69%"
"Apr 01, 2016","300.70","306.40","307.50","300.70","0.53K","-3.22%"
"Mar 31, 2016","310.70","311.50","315.20","308.60","0.56K","-0.51%"
"Mar 30, 2016","312.30","309.10","315.00","308.10","0.54K","-0.19%"
"Mar 29, 2016","312.90","311.30","319.00","308.20","0.69K","1.26%"
"Mar 28, 2016","309.00","297.10","309.00","296.80","0.46K","3.59%"
"Mar 27, 2016","298.30","298.30","298.30","298.30","-","-0.17%"
"Mar 25, 2016","298.80","298.80","298.80","298.80","-","-0.07%"
"Mar 24, 2016","299.00","299.30","300.70","295.10","0.41K","-1.48%"
"Mar 23, 2016","303.50","308.00","308.00","301.20","0.32K","-2.41%"
"Mar 22, 2016","311.00","310.00","312.20","307.70","0.39K","1.27%"
"Mar 21, 2016","307.10","298.30","307.10","294.10","0.45K","3.23%"
"Mar 20, 2016","297.50","297.50","297.50","297.50","-","0.13%"
"Mar 18, 2016","297.10","300.80","303.60","293.00","0.40K","-1.07%"
"Mar 17, 2016","300.30","301.80","304.20","297.10","0.73K","1.11%"
"Mar 16, 2016","297.00","287.80","297.00","286.00","0.33K","8.00%"
"Mar 15, 2016","275.00","271.00","275.90","271.00","0.01K","-3.20%"
"Mar 14, 2016","284.10","289.70","289.70","270.80","0.02K","-1.39%"
"Mar 11, 2016","288.10","278.50","297.70","278.50","-","3.75%"
"Mar 10, 2016","277.70","278.20","279.50","274.00","0.05K","0.43%"
"Mar 09, 2016","276.50","278.50","279.10","276.00","0.12K","-1.46%"
"Mar 08, 2016","280.60","280.60","283.80","275.70","0.16K","0.68%"
"Mar 07, 2016","278.70","279.90","280.10","276.00","0.26K","1.09%"
"Mar 04, 2016","275.70","270.50","277.30","269.20","0.22K","1.62%"
"Mar 03, 2016","271.30","255.30","272.40","254.90","0.76K","6.48%"
"Mar 02, 2016","254.80","254.70","255.50","253.30","0.33K","0.91%"
"Mar 01, 2016","252.50","254.90","255.00","252.00","0.33K","-0.59%"
"Feb 29, 2016","254.00","253.40","255.90","253.30","0.30K","0.08%"
"Feb 26, 2016","253.80","258.40","258.60","253.80","0.23K","-1.63%"
"Feb 25, 2016","258.00","259.20","260.60","256.70","0.24K","-0.42%"
"Feb 24, 2016","259.10","258.40","259.60","256.80","0.14K","-0.99%"
"Feb 23, 2016","261.70","264.00","264.60","258.40","0.38K","-0.95%"
"Feb 22, 2016","264.20","260.30","265.00","260.30","0.50K","0.61%"
"Feb 19, 2016","262.60","264.00","266.80","261.00","0.82K","-0.19%"
"Feb 18, 2016","263.10","258.20","263.20","258.20","0.87K","3.87%"
"Feb 17, 2016","253.30","248.90","256.00","248.40","0.51K","1.60%"
"Feb 16, 2016","249.30","248.00","253.70","246.60","0.55K","1.14%"
"Feb 12, 2016","246.50","246.90","248.00","245.70","0.16K","0.24%"
"Feb 11, 2016","245.90","248.00","250.80","245.10","0.44K","-1.09%"
"Feb 10, 2016","248.60","249.00","250.20","247.10","0.32K","-0.84%"
"Feb 09, 2016","250.70","251.60","254.00","244.80","0.46K","-0.28%"
"Feb 08, 2016","251.40","251.60","254.30","249.20","0.37K","-0.55%"
"Feb 05, 2016","252.80","251.60","253.40","249.90","0.26K","0.96%"
"Feb 04, 2016","250.40","251.90","254.00","249.80","0.33K","-0.60%"
"Feb 03, 2016","251.90","250.90","256.10","250.70","0.65K","1.29%"
"Feb 02, 2016","248.70","243.30","250.20","241.90","0.47K","3.24%"
"Feb 01, 2016","240.90","241.90","244.40","238.70","0.63K","0.21%"
"Jan 29, 2016","240.40","240.80","242.40","238.40","0.68K","-0.50%"
"Jan 28, 2016","241.60","244.40","246.80","239.60","0.79K","-0.45%"
"Jan 27, 2016","242.70","239.30","244.80","236.20","0.57K","2.75%"
"Jan 26, 2016","236.20","236.50","239.60","234.30","0.45K","1.24%"
"Jan 25, 2016","233.30","235.10","236.60","232.50","0.38K","-0.47%"
"Jan 22, 2016","234.40","241.00","241.40","234.20","0.57K","-2.05%"
"Jan 21, 2016","239.30","240.50","242.90","238.40","0.37K","0.38%"
"Jan 20, 2016","238.40","245.40","246.00","238.40","0.88K","-4.03%"
"Jan 19, 2016","248.40","247.80","251.50","246.70","0.25K","-3.61%"
"Jan 15, 2016","257.70","256.70","257.70","252.60","-","1.06%"
"Jan 14, 2016","255.00","256.50","258.70","253.90","0.04K","0.00%"
"Jan 13, 2016","255.00","256.70","257.00","253.60","0.03K","-0.47%"
"Jan 12, 2016","256.20","257.00","257.00","254.20","0.03K","-0.23%"
"Jan 11, 2016","256.80","255.20","259.40","252.20","0.11K","-0.08%"
"Jan 08, 2016","257.00","250.60","257.90","250.00","0.21K","2.59%"
"Jan 07, 2016","250.50","254.10","254.10","249.90","0.18K","-1.96%"
"Jan 06, 2016","255.50","256.20","256.80","254.50","0.16K","-0.39%"
"Jan 05, 2016","256.50","255.40","259.30","255.10","0.15K","0.83%"
"Jan 04, 2016","254.40","256.20","256.40","254.20","0.18K","-1.24%"
"Dec 31, 2015","257.60","257.20","260.00","256.60","0.11K","0.27%"
"Dec 30, 2015","256.90","257.10","259.20","256.60","0.08K","0.16%"
"Dec 29, 2015","256.50","260.00","260.50","255.40","0.30K","-1.16%"
"Dec 28, 2015","259.50","265.00","265.00","258.10","0.31K","-2.66%"
"Dec 24, 2015","266.60","267.80","268.30","266.50","0.09K","-0.37%"
"Dec 23, 2015","267.60","269.00","269.00","266.70","0.29K","-0.37%"
"Dec 22, 2015","268.60","269.40","269.40","264.60","0.21K","-0.33%"
"Dec 21, 2015","269.50","267.20","271.50","267.20","0.36K","0.79%"
"Dec 18, 2015","267.40","263.20","268.70","262.90","0.64K","2.85%"
"Dec 17, 2015","260.00","258.80","261.50","257.70","0.34K","0.00%"
"Dec 16, 2015","260.00","260.90","262.00","257.10","0.29K","1.60%"
"Dec 15, 2015","255.90","256.70","259.00","254.30","0.58K","-0.58%"
"Dec 14, 2015","257.40","259.50","262.50","255.90","0.30K","-1.30%"
"Dec 11, 2015","260.80","262.10","262.50","259.40","0.23K","-1.10%"
"Dec 10, 2015","263.70","264.20","267.10","260.80","0.43K","-0.42%"
"Dec 09, 2015","264.80","267.80","269.90","263.10","0.55K","-0.97%"
"Dec 08, 2015","267.40","262.30","268.70","262.10","0.80K","2.02%"
"Dec 07, 2015","262.10","253.50","262.10","253.50","0.72K","3.97%"
"Dec 04, 2015","252.10","247.80","254.90","247.80","0.57K","2.94%"
"Dec 03, 2015","244.90","243.20","247.70","243.20","0.37K","1.70%"
"Dec 02, 2015","240.80","242.10","244.20","240.60","0.49K","-0.37%"
"Dec 01, 2015","241.70","246.80","248.10","241.50","0.77K","-1.67%"
"Nov 30, 2015","245.80","247.50","252.60","245.30","0.83K","-0.65%"
"Nov 27, 2015","247.40","249.80","249.80","247.30","0.20K","-1.04%"
"Nov 25, 2015","250.00","248.00","252.10","247.80","0.20K","0.56%"
"Nov 24, 2015","248.60","248.90","250.00","247.60","0.14K","-0.44%"
"Nov 23, 2015","249.70","252.40","253.00","247.10","0.26K","-1.07%"
"Nov 20, 2015","252.40","250.00","253.30","249.10","0.69K","3.74%"
"Nov 19, 2015","243.30","241.10","248.70","238.30","0.46K","1.93%"
"Nov 18, 2015","238.70","238.20","243.40","237.00","0.45K","-0.21%"
"Nov 17, 2015","239.20","242.10","242.10","237.10","0.61K","-1.20%"
"Nov 16, 2015","242.10","242.60","244.50","240.60","0.27K","-3.55%"
"Nov 13, 2015","251.00","257.00","258.00","247.10","-","-1.84%"
"Nov 12, 2015","255.70","254.50","258.70","253.20","0.04K","-0.12%"
"Nov 11, 2015","256.00","254.00","257.90","254.00","0.04K","0.79%"
"Nov 10, 2015","254.00","251.30","254.80","250.60","0.11K","0.79%"
"Nov 09, 2015","252.00","247.10","253.00","247.10","0.09K","1.65%"
"Nov 06, 2015","247.90","250.50","250.50","244.40","0.12K","-0.84%"
"Nov 05, 2015","250.00","243.10","251.70","243.00","0.21K","2.84%"
"Nov 04, 2015","243.10","248.00","248.60","243.00","0.13K","-1.26%"
"Nov 03, 2015","246.20","248.00","248.00","244.40","0.17K","-1.12%"
"Nov 02, 2015","249.00","253.70","253.70","246.60","0.23K","-1.85%"
"Oct 30, 2015","253.70","255.50","257.00","251.10","0.24K","-0.90%"
"Oct 29, 2015","256.00","258.80","259.70","255.00","0.18K","-0.70%"
"Oct 28, 2015","257.80","255.50","259.00","254.80","0.16K","1.10%"
"Oct 27, 2015","255.00","257.00","257.00","253.80","0.18K","-0.78%"
"Oct 26, 2015","257.00","259.30","260.70","253.60","0.33K","-1.53%"
"Oct 23, 2015","261.00","258.90","265.00","257.50","0.51K","0.81%"
"Oct 22, 2015","258.90","259.20","263.50","257.10","0.63K","-1.37%"
"Oct 21, 2015","262.50","257.80","264.00","254.60","0.73K","0.96%"
"Oct 20, 2015","260.00","260.40","262.70","256.90","0.52K","-1.18%"
"Oct 19, 2015","263.10","258.50","263.30","256.60","0.41K","1.94%"
"Oct 16, 2015","258.10","262.00","262.00","256.30","0.43K","-1.38%"
"Oct 15, 2015","261.70","255.40","263.90","255.40","0.86K","1.83%"
"Oct 14, 2015","257.00","256.00","259.70","252.00","0.74K","-0.62%"
"Oct 13, 2015","258.60","253.10","264.40","252.50","1.37K","1.65%"
"Oct 12, 2015","254.40","245.00","254.40","245.00","0.67K","4.09%"
"Oct 09, 2015","244.40","240.90","246.90","240.90","0.47K","2.91%"
"Oct 08, 2015","237.50","234.90","241.00","234.90","0.36K","0.89%"
"Oct 07, 2015","235.40","231.90","240.40","229.90","0.64K","1.38%"
"Oct 06, 2015","232.20","226.00","234.30","225.00","0.76K","3.52%"
"Oct 05, 2015","224.30","222.30","225.20","222.30","0.27K","1.31%"
"Oct 02, 2015","221.40","223.80","225.00","218.50","0.37K","-1.42%"
"Oct 01, 2015","224.60","226.30","229.90","222.50","0.76K","-2.01%"
"Sep 30, 2015","229.20","224.40","230.40","224.40","0.82K","3.99%"
"Sep 29, 2015","220.40","216.20","225.90","214.70","0.71K","1.94%"
"Sep 28, 2015","216.20","218.40","219.50","214.40","0.31K","-0.18%"
"Sep 25, 2015","216.60","220.00","220.00","216.00","0.39K","-0.14%"
"Sep 24, 2015","216.90","217.00","220.00","215.60","0.75K","-0.18%"
"Sep 23, 2015","217.30","223.20","226.00","216.50","0.63K","-3.08%"
"Sep 22, 2015","224.20","228.60","228.60","223.10","0.48K","-1.97%"
"Sep 21, 2015","228.70","231.00","231.00","225.50","0.39K","-1.34%"
"Sep 18, 2015","231.80","234.00","234.30","228.30","0.39K","-1.07%"
"Sep 17, 2015","234.30","241.50","242.60","232.80","0.39K","-3.38%"
"Sep 16, 2015","242.50","238.00","244.00","236.50","0.34K","-4.04%"
"Sep 15, 2015","252.70","244.50","252.70","239.00","0.02K","2.60%"
"Sep 14, 2015","246.30","249.40","251.00","244.50","0.06K","-0.48%"
"Sep 11, 2015","247.50","243.50","255.00","243.50","0.08K","2.36%"
"Sep 10, 2015","241.80","235.00","243.00","234.00","0.18K","4.18%"
"Sep 09, 2015","232.10","233.80","237.40","232.10","0.17K","0.17%"
"Sep 08, 2015","231.70","234.70","236.10","229.10","0.16K","-0.64%"
"Sep 04, 2015","233.20","233.30","235.60","233.00","0.17K","0.13%"
"Sep 03, 2015","232.90","235.30","237.40","232.20","0.51K","-0.47%"
"Sep 02, 2015","234.00","233.50","238.50","233.00","0.25K","-0.43%"
"Sep 01, 2015","235.00","233.00","238.40","232.00","0.21K","0.34%"
"Aug 31, 2015","234.20","236.90","236.90","231.80","0.24K","-1.22%"
"Aug 28, 2015","237.10","242.10","242.90","236.90","0.19K","-3.97%"
"Aug 27, 2015","246.90","242.10","247.90","242.10","0.22K","1.81%"
"Aug 26, 2015","242.50","243.00","243.50","240.00","0.18K","-1.06%"
"Aug 25, 2015","245.10","240.50","246.20","238.30","0.44K","2.08%"
"Aug 24, 2015","240.10","236.10","243.00","235.70","0.82K","-2.16%"
"Aug 21, 2015","245.40","255.80","256.20","245.40","1.11K","-3.92%"
"Aug 20, 2015","255.40","255.70","260.10","254.20","0.71K","-0.27%"
"Aug 19, 2015","256.10","252.50","260.60","252.50","0.58K","2.19%"
"Aug 18, 2015","250.60","250.50","252.30","248.30","0.43K","-0.20%"
"Aug 17, 2015","251.10","252.30","252.40","246.40","0.64K","-0.63%"
"Aug 14, 2015","252.70","254.30","256.50","252.00","0.28K","-1.25%"
"Aug 13, 2015","255.90","254.70","257.60","253.30","0.30K","1.07%"
"Aug 12, 2015","253.20","251.00","254.70","249.50","0.38K","1.24%"
"Aug 11, 2015","250.10","259.20","259.20","249.10","1.06K","-3.47%"
"Aug 10, 2015","259.10","259.30","261.90","258.50","0.28K","0.04%"
"Aug 07, 2015","259.00","259.20","260.50","257.40","0.31K","-0.69%"
"Aug 06, 2015","260.80","261.50","264.50","259.60","0.56K","-0.19%"
"Aug 05, 2015","261.30","255.70","263.30","255.60","0.54K","1.01%"
"Aug 04, 2015","258.70","258.60","260.40","256.00","0.48K","-0.61%"
"Aug 03, 2015","260.30","252.50","261.70","251.20","0.81K","3.25%"
"Jul 31, 2015","252.10","253.90","255.40","250.80","0.76K","0.12%"
"Jul 30, 2015","251.80","252.70","253.70","250.50","0.74K","0.08%"
"Jul 29, 2015","251.60","256.50","259.60","251.20","0.48K","-1.76%"
"Jul 28, 2015","256.10","257.90","261.30","255.40","0.45K","-0.62%"
"Jul 27, 2015","257.70","266.20","266.70","256.70","0.65K","-3.37%"
"Jul 24, 2015","266.70","272.30","275.00","266.10","0.28K","-1.00%"
"Jul 23, 2015","269.40","268.40","273.10","266.70","0.37K","1.62%"
"Jul 22, 2015","265.10","267.10","271.70","264.70","0.46K","-0.53%"
"Jul 21, 2015","266.50","270.60","272.50","266.30","0.49K","-2.24%"
"Jul 20, 2015","272.60","276.90","277.40","269.10","0.44K","-2.01%"
"Jul 17, 2015","278.20","279.90","282.40","277.40","0.30K","-0.82%"
"Jul 16, 2015","280.50","284.40","285.00","279.20","0.39K","-3.58%"
"Jul 15, 2015","290.90","287.00","292.40","281.80","0.03K","0.52%"
"Jul 14, 2015","289.40","293.40","293.40","287.40","0.04K","-1.23%"
"Jul 13, 2015","293.00","296.00","296.90","289.60","0.10K","-0.17%"
"Jul 10, 2015","293.50","295.00","298.80","293.20","0.10K","1.63%"
"Jul 09, 2015","288.80","283.20","295.20","282.50","0.15K","2.34%"
"Jul 08, 2015","282.20","282.00","286.90","281.50","0.18K","0.36%"
"Jul 07, 2015","281.20","284.20","284.90","280.10","0.28K","-0.88%"
"Jul 06, 2015","283.70","288.20","291.20","283.00","0.27K","-1.66%"
"Jul 02, 2015","288.50","287.90","290.10","287.70","-","0.17%"
"Jul 01, 2015","288.00","289.00","289.20","288.00","0.14K","-0.10%"
"Jun 30, 2015","288.30","292.40","292.40","288.00","0.19K","-1.33%"
"Jun 29, 2015","292.20","292.50","295.00","291.30","0.12K","0.00%"
"Jun 26, 2015","292.20","293.70","295.00","292.20","0.25K","0.00%"
"Jun 25, 2015","292.20","289.80","292.80","288.70","0.13K","1.14%"
"Jun 24, 2015","288.90","288.20","291.30","286.00","0.29K","-0.14%"
"Jun 23, 2015","289.30","294.30","294.30","288.40","0.24K","-1.63%"
"Jun 22, 2015","294.10","299.00","299.50","293.20","0.20K","-1.51%"
"Jun 19, 2015","298.60","296.90","302.40","294.70","0.37K","0.17%"
"Jun 18, 2015","298.10","296.20","299.50","294.60","0.34K","-0.20%"
"Jun 17, 2015","298.70","292.10","300.00","290.60","0.57K","1.91%"
"Jun 16, 2015","293.10","296.20","296.50","291.10","0.28K","-1.11%"
"Jun 15, 2015","296.40","293.10","300.80","291.80","0.50K","0.10%"
"Jun 12, 2015","296.10","291.20","296.60","286.90","0.48K","1.65%"
"Jun 11, 2015","291.30","295.00","295.30","286.70","0.53K","-1.82%"
"Jun 10, 2015","296.70","290.00","298.00","289.90","1.06K","2.56%"
"Jun 09, 2015","289.30","292.00","292.00","285.80","0.42K","-1.30%"
"Jun 08, 2015","293.10","291.70","297.10","290.00","1.09K","0.65%"
"Jun 05, 2015","291.20","283.30","292.50","282.00","0.90K","2.72%"
"Jun 04, 2015","283.50","278.00","284.50","275.30","1.24K","2.94%"
"Jun 03, 2015","275.40","265.10","275.40","265.10","0.41K","3.77%"
"Jun 02, 2015","265.40","267.10","269.20","263.50","0.35K","-0.30%"
"Jun 01, 2015","266.20","273.10","276.30","265.20","0.91K","-2.88%"
"May 29, 2015","274.10","274.20","278.00","272.50","1.12K","0.59%"
"May 28, 2015","272.50","271.60","274.50","271.60","0.82K","-0.69%"
"May 27, 2015","274.40","273.50","275.60","271.80","0.47K","-0.65%"
"May 26, 2015","276.20","277.20","280.60","271.80","0.71K","0.88%"
"May 22, 2015","273.80","270.10","274.00","268.00","0.28K","1.56%"
"May 21, 2015","269.60","272.20","275.50","267.30","0.62K","-0.88%"
"May 20, 2015","272.00","261.50","272.50","258.70","0.98K","3.62%"
"May 19, 2015","262.50","258.00","265.40","257.50","0.45K","1.86%"
"May 18, 2015","257.70","253.40","258.60","253.40","0.27K","7.96%"
"May 15, 2015","238.70","247.70","249.70","238.70","0.05K","-3.56%"
"May 14, 2015","247.50","236.50","250.00","236.40","0.12K","4.65%"
"May 13, 2015","236.50","233.10","238.10","233.10","0.18K","1.07%"
"May 12, 2015","234.00","237.20","237.70","231.90","0.07K","-1.52%"
"May 11, 2015","237.60","235.90","239.00","234.00","0.07K","1.28%"
"May 08, 2015","234.60","233.90","236.20","233.00","0.08K","-1.22%"
"May 07, 2015","237.50","244.20","245.00","234.60","0.23K","-2.74%"
"May 06, 2015","244.20","243.10","248.60","242.30","0.20K","0.91%"
"May 05, 2015","242.00","245.50","246.90","241.20","0.41K","-1.35%"
"May 04, 2015","245.30","255.00","256.50","245.20","0.42K","-4.29%"
"May 01, 2015","256.30","254.00","257.00","253.20","0.43K","0.00%"
"Apr 30, 2015","256.30","251.50","258.70","251.50","0.51K","1.30%"
"Apr 29, 2015","253.00","250.10","258.40","249.10","1.23K","0.60%"
"Apr 28, 2015","251.50","255.00","255.70","249.70","0.73K","-1.83%"
"Apr 27, 2015","256.20","257.90","261.00","254.50","0.70K","-0.89%"
"Apr 24, 2015","258.50","253.30","261.70","252.60","0.45K","2.30%"
"Apr 23, 2015","252.70","251.50","254.90","246.70","0.47K","-0.08%"
"Apr 22, 2015","252.90","249.70","252.90","246.00","0.44K","4.12%"
"Apr 21, 2015","242.90","248.00","251.30","241.90","0.37K","-2.21%"
"Apr 20, 2015","248.40","247.80","252.80","246.50","0.58K","0.16%"