DATE,CLOSING PRICE,OPEN,DAILY HIGH,DAILY LOW
4/20/2015,57.8,58.07,58.61,56.45
4/21/2015,56.61,57.65,58.02,56.14
4/22/2015,56.29,55.75,57.14,55.74
4/23/2015,57.5,56.26,58.38,55.77
4/24/2015,57.2,57.44,57.93,56.51
4/27/2015,56.81,57.05,57.87,56.54
4/28/2015,57.02,56.25,57.82,56.15
4/29/2015,58.49,56.93,59.31,56.55
4/30/2015,59.63,58.55,59.77,58.44
5/1/2015,59.33,59.73,59.88,58.36
5/4/2015,58.97,59.13,59.73,58.47
5/5/2015,60.4,58.9,61.08,58.66
5/6/2015,60.62,61.4,62.57,60.56
5/7/2015,58.81,60.64,61.31,58.55
5/8/2015,60.4,59.58,60.81,59.1
5/11/2015,60.29,60.3,60.76,59.72
5/12/2015,61.37,60.16,62.14,60.11
5/13/2015,61.03,62.27,62.71,61.01
5/14/2015,60.75,61.34,61.8,60.4
5/15/2015,60.67,60.65,60.82,59.33
5/18/2015,60.48,60.72,61.7,59.88
5/19/2015,58.12,60.28,60.31,57.96
5/20/2015,58.73,58.38,59.02,58.11
5/21/2015,60.66,59.18,60.93,59.09
5/22/2015,59.9,60.59,60.77,59.37
5/25/2015,59.8,59.73,60.24,59.12
5/26/2015,58.26,59.88,59.92,57.74
5/27/2015,57.66,58.6,58.95,57.43
5/28/2015,57.88,57.76,58.02,56.53
5/29/2015,60.18,58.22,60.69,57.75
6/1/2015,60.31,59.81,60.55,59.34
6/2/2015,61.32,60.19,61.56,60.13
6/3/2015,59.74,60.85,61.24,59.35
6/4/2015,58.19,59.59,59.92,57.84
6/5/2015,58.94,58.01,59.22,56.87
6/8/2015,58.34,58.68,59.12,57.87
6/9/2015,59.89,58.46,60.37,58.24
6/10/2015,61.18,61.09,61.81,60.5
6/11/2015,61.1,61.61,61.91,60.65
6/12/2015,60.43,60.75,60.85,60.19
6/15/2015,60.1,60.21,60.41,59.2
6/16/2015,60.47,60.65,60.82,59.88
6/17/2015,60.25,60.51,61.81,59.36
6/18/2015,60.75,60.03,61.3,59.68
6/19/2015,59.78,60.67,60.91,59.25
6/22/2015,60.17,60.02,60.63,59.28
6/23/2015,61.09,60.35,61.34,59.58
6/24/2015,60.27,61.01,61.57,59.82
6/25/2015,59.64,60.18,60.45,59.44
6/26/2015,59.58,59.78,59.96,58.79
6/29/2015,58.19,58.66,59.25,58.05
6/30/2015,59.32,58.24,59.69,58.08
7/1/2015,57,58.63,58.96,56.71
7/2/2015,56.53,57.08,57.95,56.53
7/3/2015,55.52,56.64,56.79,55.43
7/6/2015,52.87,54.73,55.18,52.43
7/7/2015,52.96,52.86,53.43,50.6
7/8/2015,51.87,51.85,52.85,50.92
7/9/2015,52.82,52.54,53.52,52.11
7/10/2015,53.21,53.82,54.28,52.43
7/13/2015,52.68,52.2,53.64,51.77
7/14/2015,53.33,51.75,53.75,51.42
7/15/2015,51.83,53.59,53.65,51.6
7/16/2015,51.32,52.15,52.52,51.17
7/17/2015,51.14,51.28,51.43,50.51
7/20/2015,50.25,51.12,51.57,50.23
7/21/2015,50.89,50.22,51.39,50.11
7/22/2015,49.13,50.14,50.55,49.05
7/23/2015,48.61,49.26,49.6,48.22
7/24/2015,48.24,48.76,49.03,47.73
7/27/2015,47.07,47.95,48.19,47.06
7/28/2015,47.72,47.21,48.43,46.7
7/29/2015,48.88,47.85,49.5,47.4
7/30/2015,48.46,48.76,49.35,48.34
7/31/2015,46.9,48.18,48.61,46.75
8/3/2015,45.43,46.64,46.77,45.11
8/4/2015,45.82,45.57,46.21,45.45
8/5/2015,45.24,46.11,46.69,44.85
8/6/2015,44.76,45.17,45.19,44.21
8/7/2015,43.85,44.86,45.14,43.71
8/10/2015,44.77,43.59,45,43.56
8/11/2015,44.2,45.32,46.01,43.54
8/12/2015,44.08,43.74,44.63,43.56
8/13/2015,42.97,44.27,44.47,42.67
8/14/2015,42.68,42.84,43.54,42.65
8/17/2015,42.42,42.57,43.2,42.27
8/18/2015,42.86,42.29,43.37,41.95
8/19/2015,41.01,42.78,43.17,40.96
8/20/2015,40.84,41.04,41.8,40.53
8/21/2015,40.36,40.79,41.39,39.9
8/24/2015,38.13,39.39,39.45,38.07
8/25/2015,38.86,38.82,39.85,38.64
8/26/2015,38.97,39.61,39.85,38.53
8/27/2015,41.88,39.47,42.73,39.38
8/28/2015,45.38,43.32,45.87,41.81
8/31/2015,48.53,44.61,49.29,43.62
9/1/2015,45.22,47.73,48.85,44.86
9/2/2015,46.04,44.33,46.74,43.25
9/3/2015,46.87,46.05,48.41,45.75
9/4/2015,46.03,46.22,47.08,45.75
9/7/2015,44.25,45.68,45.82,44.17
9/8/2015,45.9,44.33,46.37,44.26
9/9/2015,44.33,46.02,46.21,44.11
9/10/2015,45.7,43.99,46.03,43.91
9/11/2015,45.32,46.19,46.3,44.67
9/14/2015,44.49,45.03,45.22,44.1
9/15/2015,45.11,44.59,45.4,44.38
9/16/2015,47.54,45.32,47.73,45.25
9/17/2015,47.14,47.56,48.05,46.71
9/18/2015,45.22,46.99,47.34,44.62
9/21/2015,46.6,45.6,46.98,45.39
9/22/2015,46.2,46.33,46.47,45.4
9/23/2015,44.69,46.19,47.15,44.42
9/24/2015,45.14,44.79,45.17,43.74
9/25/2015,45.56,45.35,46.35,45.04
9/28/2015,44.48,45.22,45.49,44.32
9/29/2015,45.21,44.44,45.7,44.37
9/30/2015,45.46,44.88,45.82,44.77
10/1/2015,45.09,45.74,47.07,44.65
10/2/2015,45.69,45.33,45.79,44.01
10/5/2015,46.41,45.81,46.9,45.66
10/6/2015,48.71,46.35,48.74,45.75
10/7/2015,48.19,49.55,49.7,47.72
10/8/2015,49.68,47.9,50.02,47.83
10/9/2015,50.03,50.96,51.42,49.73
10/12/2015,47.92,50.46,50.62,47.56
10/13/2015,47.12,47.92,48.89,46.95
10/14/2015,47.15,47.32,47.42,46.48
10/15/2015,47.32,47,47.37,45.81
10/16/2015,47.65,47.56,47.95,46.67
10/19/2015,46.45,47.39,47.61,46.26
10/20/2015,46.1,46.43,46.92,45.75
10/21/2015,45.17,45.97,46.01,44.9
10/22/2015,45.44,45.43,46.08,44.94
10/23/2015,44.63,45.57,45.75,44.22
10/26/2015,43.72,44.63,44.93,43.65
10/27/2015,43.41,43.5,43.74,42.61
10/28/2015,46.18,43.24,46.2,43.07
10/29/2015,45.75,45.56,46.74,45.18
10/30/2015,46.39,45.73,47.03,45.49
11/2/2015,46.14,46.39,46.7,45.57
11/3/2015,47.9,46.22,48.34,45.97
11/4/2015,46.52,47.85,48.26,46.18
11/5/2015,45.33,46.37,46.64,45.16
11/6/2015,44.54,45.55,45.64,44.13
11/9/2015,44.03,44.63,45.11,43.66
11/10/2015,44.13,44.11,44.74,43.59
11/11/2015,44.27,44.99,45.39,43.92
11/12/2015,42.94,44.39,44.48,42.86
11/13/2015,42.02,42.96,43.52,41.55
11/16/2015,43.12,42.18,43.23,41.22
11/17/2015,41.85,42.77,43.12,41.64
11/18/2015,41.98,42.04,42.64,41.31
11/19/2015,41.76,42.26,42.34,41.27
11/20/2015,41.59,41.91,42.73,41.38
11/23/2015,41.88,40.75,42.74,40.42
11/24/2015,42.87,42.08,43.45,41.89
11/25/2015,43.11,42.99,43.21,41.76
11/26/2015,42.51,43.07,43.19,42.3
11/27/2015,41.78,42.38,42.4,41.68
11/30/2015,41.66,41.63,42.61,41.52
12/1/2015,41.68,41.96,42.2,41.2
12/2/2015,40.15,41.54,41.92,39.85
12/3/2015,41.15,40.46,41.75,40.12
12/4/2015,40.11,41.2,41.97,39.64
12/7/2015,37.76,39.62,39.75,37.53
12/8/2015,37.67,37.7,38.57,36.64
12/9/2015,37.24,38.28,38.96,36.88
12/10/2015,38.17,39.03,39.1,38.08
12/11/2015,37.14,38.33,38.5,36.97
12/14/2015,37.52,37.1,37.96,36.11
12/15/2015,38.31,37.49,39.12,37.34
12/16/2015,36.9,38.2,38.49,36.57
12/17/2015,36.03,36.72,37.05,35.99
12/18/2015,35.88,36.16,36.93,35.7
12/21/2015,35.78,35.73,36.09,35.37
12/22/2015,36.16,36.06,36.5,35.68
12/23/2015,37.83,36.47,37.92,36.4
12/24/2015,38.08,37.71,38.28,37.4
12/25/2015,38.11,38.11,38.11,38.11
12/28/2015,36.72,37.71,37.71,36.68
12/29/2015,37.88,36.95,37.94,36.86
12/30/2015,36.73,37.2,37.26,36.45
12/31/2015,36.98,36.68,37.76,36.24
1/4/2016,36.89,37.64,38.37,36.36
1/5/2016,35.8,36.86,37,35.76
1/6/2016,33.98,36.04,36.09,33.8
1/7/2016,33.25,32.73,34.24,32.12
1/8/2016,34.08,35.21,35.32,33.79
1/11/2016,32.22,33.42,34.31,32.05
1/12/2016,31.94,31.68,33.24,31.05
1/13/2016,31.66,31.84,32.66,31.1
1/14/2016,32.1,31.73,32.51,31.43
1/15/2016,30.6,31.24,31.39,30.08
1/18/2016,30.1,29.84,30.87,29.68
1/19/2016,29.56,30.58,31.35,29.43
1/20/2016,28.63,28.75,29.19,27.57
1/21/2016,29.76,28.14,30.23,27.89
1/22/2016,32.27,30.83,32.33,30.54
1/25/2016,29.76,32.47,32.49,29.76
1/26/2016,31.23,29.49,32.41,29.28
1/27/2016,31.95,30.94,32.82,30.15
1/28/2016,33.77,31.81,34.77,31.8
1/29/2016,33.63,33.85,34.38,32.67
2/1/2016,31.38,32.93,33.36,31.3
2/2/2016,29.88,31.08,31.28,29.83
2/3/2016,32.51,29.79,32.55,29.75
2/4/2016,31.75,32.87,33.58,31.54
2/5/2016,31.03,31.73,32.4,30.64
2/8/2016,30.11,31.14,31.38,29.6
2/9/2016,28.49,29.94,30.6,27.77
2/10/2016,29.72,30.28,31.15,29.44
2/11/2016,30.02,29.57,30.1,28.75
2/12/2016,31.24,30.22,31.97,29.8
2/15/2016,31.92,31.7,32.46,31.35
2/16/2016,31.21,33.21,33.73,30.68
2/17/2016,32.92,31.04,33.4,30.82
2/18/2016,32.5,33.31,34.19,32.46
2/19/2016,32.08,32.75,32.98,31.36
2/22/2016,33.44,32.37,33.83,32.27
2/23/2016,31.86,32.9,33.51,31.67
2/24/2016,32.26,31.2,32.4,30.57
2/25/2016,33.02,31.94,33.48,31.09
2/26/2016,32.97,33.02,34.64,32.68
2/29/2016,33.82,32.71,33.95,32.34
3/1/2016,34.38,34.13,34.75,33.39
3/2/2016,34.9,34.22,35.1,33.56
3/3/2016,34.69,34.62,35.31,34.21
3/4/2016,36.23,34.8,36.24,34.42
3/7/2016,37.96,36.59,38.09,36.1
3/8/2016,36.25,37.49,38.39,36.22
3/9/2016,38.24,36.74,38.34,36.54
3/10/2016,39.53,39.87,40.15,38.93
3/11/2016,40.1,40.27,40.47,39.61
3/14/2016,39.06,39.73,39.77,38.45
3/15/2016,38.52,38.36,38.55,37.73
3/16/2016,40.09,38.64,40.14,38.4
3/17/2016,41.67,40.49,41.7,40.19
3/18/2016,41.16,41.61,42.49,41.04
3/21/2016,41.63,40.67,41.78,40.42
3/23/2016,39.8,39.2,39.46,38.75
4/1/2016,36.72,,,36.65
4/4/2016,35.96,,37.19,35.95
4/5/2016,35.6,35.36,35.91,35.22
4/6/2016,37.56,36.79,37.83,36.55
4/7/2016,37.05,38.17,38.2,36.65
4/8/2016,39.29,38.14,39.84,38.12
4/11/2016,40.13,39.5,40.75,39.24
4/12/2016,41.94,40.22,42.06,40.22
4/13/2016,42.02,41.33,42.42,41.25
4/14/2016,41.74,40.92,42.15,40.86
4/15/2016,40.55,41.51,41.69,40.04
4/18/2016,39.73,38.32,40.21,38.31
4/19/2016,41.01,40.41,41.53,39.77
4/20/2016,42.55,40.14,42.72,39.83
4/21/2016,43.41,44.03,44.49,43.02
4/22/2016,43.86,43.79,44.47,43.1
4/25/2016,43.85,43.37,44.06,42.82
4/26/2016,44.01,42.91,44.2,42.78
4/27/2016,44.6,44.57,45.18,43.77
4/28/2016,46.06,45.05,46.08,45.03
4/29/2016,45.39,46.22,46.79,45.32
5/2/2016,44.68,45.48,46.1,44.53
5/3/2016,43.39,45.31,45.38,43.33
5/4/2016,43.42,43.89,44.89,43.22
5/5/2016,44.17,45.1,46.06,43.94
5/6/2016,44.69,43.9,45.31,43.54
5/9/2016,43.62,45.41,45.8,43.32
5/10/2016,44.5,43.88,44.6,43.17
5/11/2016,46.11,44.24,46.31,43.97
5/12/2016,46.56,46.23,47.02,45.65
5/13/2016,46.23,46.11,46.5,45.76
5/17/2016,47.94,48.26,48.4,47.5
5/18/2016,48.76,48.33,48.92,48.01
5/19/2016,47.95,47.65,47.96,46.74
5/20/2016,47.89,48.43,48.71,47.45
5/23/2016,48.01,47.81,48.1,47.57
5/24/2016,48.76,47.82,48.93,47.8
5/25/2016,49.29,49.25,49.6,48.7
5/26/2016,49.56,49.99,50.23,49.22
5/27/2016,49.25,49.1,49.45,48.67
5/30/2016,49.57,49.21,49.67,49.05
5/31/2016,49.37,49.48,50.09,49.27
6/1/2016,48.82,48.63,49.09,47.76
6/2/2016,49.12,48.94,49.47,47.96
6/3/2016,48.47,49.25,49.42,48.33
6/6/2016,49.31,49.01,49.92,48.97
6/7/2016,50.13,49.7,50.38,49.62
6/8/2016,51.18,50.38,51.33,50.29
6/9/2016,50.6,51.49,51.49,50.21
6/10/2016,49.31,49.96,50.13,49.12
6/13/2016,48.71,48.46,49.28,48.15
6/14/2016,48.25,48.4,48.73,48
6/15/2016,48.21,48.06,48.7,47.58
6/16/2016,46.45,47.47,47.55,46.13
6/17/2016,47.57,46.62,47.75,46.54
6/20/2016,49.14,48.49,49.36,48.45
6/21/2016,48.68,48.95,49.18,48.14
6/22/2016,48.59,50.39,50.54,48.39
6/23/2016,49.74,49.33,50.01,49.21
6/24/2016,47.87,47.66,48.37,47.36
6/27/2016,46,47.94,47.99,45.86
6/28/2016,47.52,47.21,47.81,46.83
6/29/2016,49.5,48.32,49.56,48.07
6/30/2016,49.07,49.42,49.61,48.49
7/1/2016,48.56,48.51,48.78,47.9
7/4/2016,48.79,49.25,49.33,48.69
7/5/2016,46.51,48.2,48.22,46.32
7/6/2016,47.43,46.66,47.55,45.9
7/7/2016,45.34,47.7,48.28,44.96
7/8/2016,45.43,45.45,46.01,44.77
7/11/2016,44.92,45.06,45.78,44.51
7/12/2016,46.67,44.93,46.95,44.9
7/13/2016,44.77,46.1,46.55,44.66
7/14/2016,45.62,45.33,45.81,45.01
7/15/2016,46,45.24,46.29,45.02
7/18/2016,45.19,45.86,46.05,44.85
7/19/2016,44.8,45.17,45.66,44.67
7/20/2016,44.91,44.52,45.28,43.69
7/21/2016,45.07,45.99,46.08,44.79
7/22/2016,43.86,44.33,44.95,43.74
7/25/2016,43.09,44.11,44.14,42.96
7/26/2016,42.84,43.24,43.26,42.36
7/27/2016,42.02,42.68,43.23,41.74
7/28/2016,41.1,41.94,42.22,41.01
7/29/2016,41.45,40.9,41.65,40.54
8/1/2016,39.99,41.56,41.58,39.86
8/2/2016,39.4,40.25,40.89,39.24
8/3/2016,40.8,39.47,41.03,39.33
8/4/2016,41.88,40.93,42.08,40.41
8/5/2016,41.54,41.81,42.06,41.05
8/8/2016,43.33,41.99,43.38,41.99
8/9/2016,42.79,42.6,43.5,42.49
8/10/2016,42,42.44,43.37,41.82
8/11/2016,43.55,41.6,43.87,41.09
8/12/2016,44.41,43.74,44.56,43.28
8/15/2016,45.65,44.84,45.72,44.35
8/16/2016,46.38,45.45,46.62,45.3
8/17/2016,46.39,46.39,46.82,45.89
8/18/2016,48.26,47.12,48.31,46.84
8/19/2016,48.34,48.69,48.71,47.9
8/22/2016,47.08,47.65,47.87,46.91
8/23/2016,48.13,46.96,48.31,46.61
8/24/2016,46.77,47.17,47.7,46.45
8/25/2016,47.04,46.88,47.3,46.42
8/26/2016,47.5,47.29,48.43,46.98
8/29/2016,47.09,46.81,47.25,46.59
8/30/2016,46.4,47.38,47.49,46.23
8/31/2016,44.65,46.24,46.3,44.5
9/1/2016,43.38,45,45.08,43.28
9/2/2016,44.49,43.27,44.58,43.15
9/5/2016,45.19,44.55,46.53,44.5
9/6/2016,44.63,45.3,45.39,43.85
9/7/2016,45.38,45.3,45.57,44.54
9/8/2016,47.49,46.47,47.61,45.81
9/9/2016,46,47.14,47.22,45.83
9/12/2016,46.28,45.01,46.5,44.72
9/13/2016,45.09,45.61,45.73,44.77
9/14/2016,44,45.14,45.36,43.75
9/15/2016,44.08,43.69,44.32,43.32
9/16/2016,42.99,43.52,43.6,42.74
9/19/2016,43.42,43.8,44.16,43.24
9/20/2016,43.54,43.08,44.06,42.55
9/21/2016,45.16,44.95,45.46,44.68
9/22/2016,46.38,45.82,46.53,45.58
9/23/2016,44.5,45.84,46.55,44.27
9/26/2016,46.06,44.61,46.21,44.43
9/27/2016,44.51,45.67,45.74,44.21
9/28/2016,45.99,44.79,46.03,44.36
9/29/2016,47.69,46.92,48.34,46.59
9/30/2016,48.08,47.36,48.25,47.03
10/4/2016,48.84,48.42,49.14,48.27
10/5/2016,49.83,49.24,49.94,49.16
10/6/2016,50.36,49.57,50.52,49.32
10/7/2016,49.81,50.72,50.74,49.43
10/10/2016,51.35,49.56,51.61,49.39
10/11/2016,50.66,51.38,51.54,50.4
10/12/2016,50.2,51.1,51.16,49.9
10/13/2016,50.5,49.74,50.6,49.33
10/14/2016,50.08,51.08,51.16,49.87
10/17/2016,49.77,49.99,50.56,49.49
10/18/2016,50.17,50.28,50.55,49.76
10/19/2016,51.71,50.88,51.95,50.75
10/20/2016,50.45,51.07,51.25,50.27
10/21/2016,50.74,50.5,51.04,50.21
10/24/2016,50.02,50.81,50.99,49.64
10/25/2016,50.13,50.67,50.96,49.76
10/26/2016,49.11,49.37,50.09,48.85
10/27/2016,49.82,49.15,50.04,49
10/28/2016,48.61,49.63,49.76,48.61
10/31/2016,46.75,48.65,48.75,46.7
11/1/2016,46.79,47.17,47.18,46.18
11/2/2016,45.51,46.12,46.23,44.96
11/3/2016,44.73,45.5,45.91,44.34
11/4/2016,44.11,44.46,44.87,43.56
11/7/2016,44.69,44.71,45.01,44.09
11/8/2016,45.21,44.94,45.41,44.42
11/9/2016,45.35,44.33,45.97,44.25
11/10/2016,44.85,45.45,45.56,44.42
11/11/2016,43.44,44.42,44.5,43.07
11/14/2016,43.53,43.4,43.71,42.18
11/15/2016,45.49,44.31,45.53,44.17
11/16/2016,45.8,45.62,46.36,45.02
11/17/2016,45.52,45.42,46.56,45.42
11/18/2016,45.33,44.66,45.79,44.52
11/21/2016,47.63,46.39,47.83,46.07
11/22/2016,47.6,48.37,49.22,47.18
11/23/2016,48.09,48.17,48.4,47.41
11/24/2016,47.99,47.87,48.27,47.82
11/25/2016,45.92,47.61,47.73,45.85
11/28/2016,47.14,45.41,47.66,45.41
11/29/2016,45.39,46.66,46.9,44.81
11/30/2016,49.82,45.95,49.87,45.86
12/1/2016,51.46,49.64,51.8,49.09
12/2/2016,51.51,50.85,51.67,50.16
12/5/2016,51.89,51.59,52.42,51.58
12/6/2016,50.86,51.44,51.62,50.25
12/7/2016,50.23,50.62,51.21,49.83
12/8/2016,50.7,49.82,50.88,49.65
12/9/2016,51.4,51.21,51.66,50.93
12/12/2016,53.19,54.42,54.49,52.77
12/13/2016,52.98,52.72,53.4,52.35
12/14/2016,51.04,52.29,52.78,50.68
12/15/2016,50.9,50.87,51.49,49.95
12/16/2016,51.9,51.08,52.08,50.52
12/19/2016,52.12,52.06,52.55,51.53
12/20/2016,53.3,53.07,53.77,52.86
12/21/2016,52.49,53.53,53.78,52.33
12/22/2016,52.95,52.58,53.19,52.09
12/23/2016,53.02,52.68,53.12,52.27
12/27/2016,53.9,53.15,54.17,53.04
12/28/2016,54.06,53.81,54.36,53.57
12/29/2016,53.77,53.64,54.23,53.6
12/30/2016,53.72,53.96,54.08,53.42
1/3/2017,52.33,53.95,55.22,52.12
1/4/2017,53.26,52.62,53.4,52.16
1/5/2017,53.76,53.23,54.11,52.79
1/6/2017,53.99,53.69,54.32,53.33
1/9/2017,51.96,53.77,53.81,51.75
1/10/2017,50.82,52,52.35,50.72
1/11/2017,52.25,51,52.77,50.75
1/12/2017,53.01,52.28,53.49,52.11
1/13/2017,52.37,52.99,53.15,52.28
1/16/2017,52.64,52.52,52.72,52.12
1/17/2017,52.48,52.52,53.53,52.26
1/18/2017,51.08,52.48,52.79,50.93
1/19/2017,51.37,51.49,51.84,51.14
1/20/2017,53.22,52.31,53.66,52.13
1/23/2017,52.75,53.28,53.43,52.22
1/24/2017,53.18,52.93,53.55,52.69
1/25/2017,52.75,53,53.47,52.56
1/26/2017,53.78,53.02,54.06,52.79
1/27/2017,53.17,53.72,54.08,52.58
1/30/2017,52.63,52.95,53.46,52.42
1/31/2017,52.81,52.66,53.56,52.25
2/1/2017,53.88,52.78,54.03,52.64
2/2/2017,53.54,53.54,54.34,53.35
2/3/2017,53.83,53.86,54.22,53.41
2/6/2017,53.01,53.86,54.13,52.9
2/7/2017,52.17,53.13,53.22,51.64
2/8/2017,52.34,51.49,52.67,51.38
2/9/2017,53,52.53,53.21,52.47
2/10/2017,53.86,53.07,54.2,52.9
2/13/2017,52.93,53.77,53.89,52.77
2/14/2017,53.2,53.04,53.71,52.87
2/15/2017,53.11,53.02,53.51,52.75
2/16/2017,53.36,53.03,53.59,52.7
2/17/2017,53.4,53.47,53.51,52.91
2/20/2017,54.02,53.92,54.24,53.73
2/21/2017,54.33,53.98,55.06,53.97
2/22/2017,53.59,54.37,54.6,53.38
2/23/2017,54.45,53.98,54.92,53.93
2/24/2017,53.99,54.34,54.49,53.77
2/27/2017,54.05,54.03,54.6,53.98
2/28/2017,54.01,54.14,54.22,53.19
3/1/2017,53.83,53.94,54.43,53.65
3/2/2017,52.61,53.72,53.8,52.56
3/3/2017,53.33,52.69,53.39,52.58
3/6/2017,53.2,53.28,53.55,52.77
3/7/2017,53.14,53.18,53.79,52.73
3/8/2017,50.28,52.82,52.92,50.06
3/9/2017,49.28,50.49,50.84,48.61
3/10/2017,48.49,49.54,50.12,48.29
3/13/2017,48.4,48.4,48.68,47.94
3/14/2017,47.72,48.37,48.79,47.1
3/15/2017,48.86,48.51,49.09,48.17
3/16/2017,48.75,49.1,49.61,48.45
3/17/2017,48.78,48.82,49.2,48.61
3/20/2017,48.22,48.54,48.7,47.9
3/21/2017,48.24,,49.48,48
3/22/2017,48.04,48.11,48.32,47.05
3/23/2017,47.7,48.25,48.48,47.58
3/24/2017,47.97,47.79,48.2,47.54
3/27/2017,47.73,48.16,48.25,47.08
3/28/2017,48.37,47.85,48.75,47.82
3/29/2017,49.51,48.56,49.63,48.38
3/30/2017,50.35,49.6,50.47,49.27
3/31/2017,50.6,50.25,50.84,49.9
4/3/2017,50.24,50.69,50.83,50.12
4/4/2017,51.03,50.24,51.3,49.88
4/5/2017,51.15,51.18,51.88,50.74
4/6/2017,51.7,50.8,51.82,50.77
4/7/2017,52.24,51.7,52.94,51.49
4/10/2017,53.08,52.31,53.18,52.29
4/11/2017,53.4,53.13,53.45,52.7
4/12/2017,53.11,53.4,53.76,52.71
4/13/2017,53.18,52.85,53.39,52.82
4/17/2017,52.65,52.97,53.21,52.55
4/18/2017,52.41,52.75,52.85,52.1
4/19/2017,50.44,52.36,52.65,50.09
4/20/2017,50.27,50.63,50.97,50.18
4/21/2017,49.62,,50.93,49.2
4/24/2017,49.23,49.68,50.22,49.03
4/25/2017,49.56,49.22,49.83,48.87
4/26/2017,49.62,49.36,50.2,48.95
4/27/2017,48.97,49.22,49.43,48.2
4/28/2017,49.33,49.27,49.76,48.8
5/1/2017,48.84,49.17,49.32,48.59
5/2/2017,47.66,48.78,49.28,47.35
5/3/2017,47.82,48.12,48.23,47.3
5/4/2017,45.52,47.6,47.75,45.29
5/5/2017,46.22,45.51,46.68,43.76
5/8/2017,46.43,46.35,46.98,45.73
5/9/2017,45.88,46.49,46.78,45.53
5/10/2017,47.33,46.18,47.78,46.01
5/11/2017,47.83,47.39,48.22,47.34
5/12/2017,47.84,47.81,48.07,47.35
5/15/2017,48.85,47.85,49.66,47.75
5/16/2017,48.66,48.82,49.34,48.17
5/17/2017,49.07,48.23,49.5,48.03
5/18/2017,49.35,48.93,49.6,48.05
5/19/2017,50.33,49.28,50.53,49.28
5/22/2017,50.73,50.6,51.06,50.44
5/23/2017,51.47,,51.79,50.57
5/24/2017,51.36,51.44,51.88,51.06
5/25/2017,48.9,51.25,52,48.45
5/26/2017,49.8,48.75,49.94,48.18
5/30/2017,49.66,49.93,50.28,49.03
5/31/2017,48.32,49.65,49.71,47.73
6/1/2017,48.36,48.63,49.17,47.9
6/2/2017,47.66,48.04,48.19,46.74
6/5/2017,47.4,47.71,48.42,46.86
6/6/2017,48.19,47.4,48.4,46.94
6/7/2017,45.72,47.98,48.23,45.65
6/8/2017,45.64,45.85,46.18,45.2
6/9/2017,45.83,45.71,46.18,45.27
6/12/2017,46.08,45.8,46.71,45.66
6/13/2017,46.46,46.01,46.57,45.56
6/14/2017,44.73,45.94,46.49,44.55
6/15/2017,44.46,44.69,44.81,44.22
6/16/2017,44.74,44.25,44.94,44.24
6/19/2017,44.2,44.68,45.06,44.05
6/20/2017,43.23,44.11,44.4,42.75
6/21/2017,42.53,,44.2,42.06
6/22/2017,42.74,42.55,43.31,42.26
6/23/2017,43.01,42.8,43.2,42.53
6/26/2017,43.38,43.16,43.65,42.63
6/27/2017,44.24,43.49,44.44,43.32
6/28/2017,44.74,43.7,44.9,43.67
6/29/2017,44.93,44.89,45.45,44.65
6/30/2017,46.04,44.89,46.35,44.88
7/3/2017,47.07,46.28,47.1,45.92
7/5/2017,45.13,47.04,47.32,44.52
7/6/2017,45.52,45.65,46.53,45.18
7/7/2017,44.23,45.35,45.42,43.78
7/10/2017,44.4,44.35,44.84,43.65
7/11/2017,45.04,44.58,45.81,43.83
7/12/2017,45.49,45.74,46.48,45.11
7/13/2017,46.08,45.44,46.28,44.99
7/14/2017,46.54,46.08,46.74,45.8
7/17/2017,46.02,46.68,46.88,45.89
7/18/2017,46.4,45.99,46.92,45.81
7/19/2017,47.12,46.25,47.26,46.14
7/20/2017,46.79,47.09,47.55,46.66
7/21/2017,45.77,,47.21,45.54
7/24/2017,46.34,45.62,46.53,45.4
7/25/2017,47.89,46.46,48.66,46.38
7/26/2017,48.75,48.51,48.87,47.86
7/27/2017,49.04,48.7,49.24,48.25
7/28/2017,49.71,49.17,49.81,48.86
7/31/2017,50.17,49.85,50.41,49.18
8/1/2017,49.16,50.21,50.43,48.37
8/2/2017,49.59,48.8,49.65,48.55
8/3/2017,49.03,49.59,49.96,48.78
8/4/2017,49.58,48.95,49.64,48.5
8/7/2017,49.39,49.59,49.73,48.54
8/8/2017,49.17,49.31,49.79,48.86
8/9/2017,49.56,49,49.72,48.9
8/10/2017,48.59,49.68,50.22,48.35
8/11/2017,48.82,48.52,48.98,47.98
8/14/2017,47.59,48.79,49.16,47.43
8/15/2017,47.55,47.49,47.9,47.02
8/16/2017,46.78,47.72,47.99,46.67
8/17/2017,47.09,46.8,47.19,46.46
8/18/2017,48.51,46.93,48.74,46.78
8/21/2017,47.37,48.72,48.75,47.03
8/22/2017,47.64,47.45,48.03,47.2
8/23/2017,48.41,,48.5,47.53
8/24/2017,47.43,48.36,48.43,47.06
8/25/2017,47.87,47.62,47.91,47.39
8/28/2017,46.57,47.89,48.2,46.15
8/29/2017,46.44,46.86,46.96,45.76
8/30/2017,45.96,46.31,46.72,45.84
8/31/2017,47.23,45.95,47.47,45.58
9/1/2017,47.29,47.08,47.35,46.56
9/5/2017,48.66,47.28,48.98,47.15
9/6/2017,49.16,48.59,49.42,48.52
9/7/2017,49.09,49.14,49.33,48.63
9/8/2017,47.48,49.07,49.26,47.27
9/11/2017,48.07,47.58,48.27,47
9/12/2017,48.23,48.12,48.44,47.73
9/13/2017,49.3,48.34,49.4,48.12
9/14/2017,49.89,49.31,50.5,49.15
9/15/2017,49.89,49.72,50.13,49.41
9/18/2017,49.91,49.85,50.33,49.19
9/19/2017,49.48,49.91,50.42,49.33
9/20/2017,50.41,49.84,50.65,49.75
9/21/2017,50.55,,50.81,50.07
9/22/2017,50.66,50.73,50.78,50.29
9/25/2017,52.22,50.68,52.28,50.39
9/26/2017,51.88,52.12,52.43,51.43
9/27/2017,52.14,52.09,52.34,51.63
9/28/2017,51.56,52.05,52.86,51.22
9/29/2017,51.67,51.58,51.77,51.25
10/2/2017,50.58,51.64,51.71,50.07
10/3/2017,50.42,50.59,50.73,50.14
10/4/2017,49.98,50.16,50.67,49.76
10/5/2017,50.79,49.88,51.22,49.85
10/6/2017,49.29,50.75,50.82,49.1
10/9/2017,49.58,49.25,49.79,49.13
10/10/2017,50.92,49.55,51.06,49.54
10/11/2017,51.3,50.94,51.42,50.61
10/12/2017,50.6,51,51.13,50.15
10/13/2017,51.45,50.73,51.72,50.7
10/16/2017,51.87,51.43,52.37,51.35
10/17/2017,51.88,51.93,52.25,51.21
10/18/2017,52.04,51.94,52.33,51.69
10/19/2017,51.29,52.05,52.17,51.07
10/20/2017,51.47,51.42,51.73,50.7
10/23/2017,51.9,52.07,52.3,51.68
10/24/2017,52.47,51.89,52.62,51.55
10/25/2017,52.18,52.56,52.57,51.89
10/26/2017,52.64,52.19,52.86,51.91
10/27/2017,53.9,52.8,54.2,52.25
10/30/2017,54.15,54.16,54.46,53.75
10/31/2017,54.38,54.08,54.85,53.93
11/1/2017,54.3,54.65,55.22,53.89
11/2/2017,54.54,54.28,54.84,53.99
11/3/2017,55.64,54.73,55.76,54.4
11/6/2017,57.35,55.97,57.61,55.66
11/7/2017,57.2,57.27,57.69,56.83
11/8/2017,56.81,56.96,57.92,56.41
11/9/2017,57.17,56.85,57.53,56.69
11/10/2017,56.74,57.02,57.35,56.55
11/13/2017,56.76,56.9,57.15,56.3
11/14/2017,55.7,56.72,56.77,54.81
11/15/2017,55.33,55.06,55.56,54.88
11/16/2017,55.14,55.3,55.62,54.93
11/17/2017,56.55,55.25,56.68,55.18
11/20/2017,56.09,56.69,56.76,55.57
11/21/2017,56.83,,57.22,
11/22/2017,58.02,57.12,58.15,57.03
11/24/2017,58.95,58.05,59.05,57.75
11/27/2017,58.11,58.95,58.99,57.55
11/28/2017,57.99,57.86,58.11,57.42
11/29/2017,57.3,57.73,58.3,56.75
11/30/2017,57.4,57.41,57.98,57.05
12/1/2017,58.36,57.42,58.88,57.29
12/4/2017,57.47,58.32,58.34,57.35
12/5/2017,57.62,57.48,57.92,57.08
12/6/2017,55.96,57.45,57.57,55.87
12/7/2017,56.69,56,56.78,55.82
12/8/2017,57.36,56.65,57.79,56.54
12/11/2017,57.99,57.25,58.08,56.91
12/12/2017,57.14,58.02,58.56,56.85
12/13/2017,56.6,57.45,57.83,56.55
12/14/2017,57.04,56.7,57.22,56.09
12/15/2017,57.3,57.15,57.49,56.94
12/18/2017,57.16,57.37,57.78,56.82
12/19/2017,57.46,57.3,57.64,57.16
12/20/2017,58.09,,58.12,57.44
12/21/2017,58.36,58.02,58.38,57.63
12/22/2017,58.47,58.21,58.5,57.87
12/26/2017,59.97,58.4,60.01,58.32
12/27/2017,59.64,59.79,59.93,59.33
12/28/2017,59.84,59.53,59.94,59.44
12/29/2017,60.42,59.91,60.51,59.82
1/1/2018,60.1,,,
1/2/2018,60.37,60.2,60.74,60.1
1/3/2018,61.63,60.39,61.97,60.28
1/4/2018,62.01,61.96,62.21,61.59
1/5/2018,61.44,61.9,62.04,61.09
1/8/2018,61.73,61.61,61.97,61.34
1/9/2018,62.96,61.92,63.48,61.8
1/10/2018,63.57,63.41,63.67,63.09
1/11/2018,63.8,63.5,64.77,63.43
1/12/2018,64.3,63.57,64.5,63.06
1/16/2018,63.73,64.43,64.89,63.39
1/17/2018,63.97,63.89,64.17,63.31
1/18/2018,63.95,64.07,64.35,63.47
1/19/2018,63.37,63.74,63.77,62.85
1/22/2018,63.49,63.61,64.14,63.17
1/23/2018,64.47,,64.88,63.7
1/24/2018,65.61,64.42,66.05,64.34
1/25/2018,65.51,65.88,66.66,65.08
1/26/2018,66.14,65.25,66.35,64.91
1/29/2018,65.56,66.18,66.46,64.98
1/30/2018,64.5,65.53,65.56,63.89
1/31/2018,64.73,64.03,64.94,63.67
2/1/2018,65.8,64.76,66.25,64.63
2/2/2018,65.45,65.99,66.3,64.47
2/5/2018,64.15,65.1,65.4,63.42
2/6/2018,63.39,63.43,64.29,63.12
2/7/2018,61.79,63.92,64.18,61.25
2/8/2018,61.15,61.7,62.09,60.27
2/9/2018,59.2,60.43,60.77,58.07
2/12/2018,59.29,59.12,60.83,59.1
2/13/2018,59.19,59.35,59.73,58.39
2/14/2018,60.73,,,
2/15/2018,61.34,60.71,61.64,59.72
2/16/2018,61.68,61.45,61.99,60.88
2/20/2018,61.9,61.63,62.74,61.58
2/21/2018,61.68,,61.86,60.92
2/22/2018,62.77,61.34,63.09,60.75
2/23/2018,63.55,62.6,63.73,62.33
2/26/2018,63.91,63.6,64.24,63.06
2/27/2018,63.01,64.06,64.08,62.64
2/28/2018,61.64,62.79,63.44,61.36
3/1/2018,60.99,61.55,61.83,60.18
3/2/2018,61.25,61.34,61.6,60.13
3/5/2018,62.57,61.55,62.79,61.1
3/6/2018,62.6,62.58,63.28,62.17
3/7/2018,61.15,62.3,62.58,60.58
3/8/2018,60.12,61.33,61.4,59.95
3/9/2018,62.04,60.27,62.18,60.14
3/12/2018,61.36,62.04,,60.67
3/13/2018,60.71,61.37,61.97,60.27
3/14/2018,60.96,60.87,61.33,60.11
3/15/2018,61.19,60.95,61.54,60.82
3/16/2018,62.34,61.19,62.54,61.08
3/19/2018,62.06,62.23,62.35,61.36
3/20/2018,63.4,62.1,63.81,62.08
3/21/2018,65.17,,65.55,63.58
3/22/2018,64.3,65.7,65.74,64.14
3/23/2018,65.88,64.28,66,64.11
3/26/2018,65.55,65.9,66.55,65.08
3/27/2018,65.25,65.53,66.41,64.53
3/28/2018,64.38,64.7,65.13,63.72
3/29/2018,64.94,64.69,65.26,64.17
4/2/2018,63.01,64.91,65.42,62.8
4/3/2018,63.51,62.89,63.86,62.86
4/4/2018,63.37,,,62.06
4/5/2018,63.54,63.6,64.12,63.07
4/6/2018,62.06,63.7,63.79,61.81
4/9/2018,63.42,62,63.61,61.93
4/10/2018,65.51,63.3,65.86,63.2
4/11/2018,66.82,65.58,67.33,65.15
4/12/2018,67.07,66.75,67.33,66
4/13/2018,67.39,67.18,67.76,66.7
4/16/2018,66.22,67.24,67.74,66.13
4/17/2018,66.52,66.42,66.75,65.56
4/18/2018,68.47,66.68,68.9,66.56
4/19/2018,68.29,68.75,69.56,67.98
4/20/2018,68.38,68.26,68.62,67.5
4/23/2018,68.64,68.22,69.03,67.14
4/24/2018,67.7,68.95,69.38,67.54
4/25/2018,68.05,67.75,68.18,67.11
4/26/2018,68.19,68.03,68.78,67.71
4/27/2018,68.1,68.21,68.36,67.65
4/30/2018,68.57,68.15,69.34,67.17
5/1/2018,67.25,68.56,68.9,66.85
5/2/2018,67.93,67.49,68.14,66.92
5/3/2018,68.43,67.68,68.6,67.21
5/4/2018,69.72,68.5,69.97,68.12
5/7/2018,70.73,69.85,70.84,69.51
5/8/2018,69.06,70.03,70.4,67.63
5/9/2018,71.14,70.05,71.36,69.85
5/10/2018,71.36,71.23,71.89,70.56
5/11/2018,70.7,71.45,71.63,70.45
5/14/2018,70.96,70.54,71.26,70.26
5/15/2018,71.31,71.15,71.89,70.42
5/16/2018,71.49,71.02,71.59,70.66
5/17/2018,71.49,71.56,72.3,71.09
5/18/2018,71.28,71.6,71.75,70.99
5/21/2018,72.24,,,
5/22/2018,72.13,72.53,72.83,71.9
5/23/2018,71.84,,,71.19
5/24/2018,70.71,71.83,72,70.52
5/25/2018,67.88,70.65,70.8,67.42
5/29/2018,66.73,67.55,67.55,65.8
5/30/2018,68.21,66.85,68.67,66.35
5/31/2018,67.04,68.24,68.3,66.56
6/1/2018,65.81,67.07,67.34,65.51
6/4/2018,64.75,65.71,66.04,64.57
6/5/2018,65.52,64.94,65.57,64.22
6/6/2018,64.73,65.51,65.96,64.27
6/7/2018,65.95,65.07,66.07,64.81
6/8/2018,65.74,65.98,66.24,65.33
6/11/2018,66.1,65.56,66.35,64.85
6/12/2018,66.36,66.05,66.69,65.87
6/13/2018,66.64,66.01,66.89,65.52
6/14/2018,66.89,66.62,67.16,66.36
6/15/2018,65.06,67,67.09,64.29
6/18/2018,65.85,64.4,65.98,63.59
6/19/2018,65.07,65.82,65.9,64.39
6/20/2018,66.22,65.11,66.53,65.01
6/21/2018,65.54,,66.22,64.34
6/22/2018,68.58,65.93,69.38,65.71
6/25/2018,68.08,68.75,69.44,67.78
6/26/2018,70.53,68.21,70.91,67.72
6/27/2018,72.76,70.68,73.06,70.56
6/28/2018,73.45,72.27,74.03,72.25
6/29/2018,74.15,73.33,74.46,72.93
7/2/2018,73.94,73.62,74.35,72.51
7/3/2018,74.14,74.08,75.27,72.73
7/5/2018,72.94,74.23,74.9,72.53
7/6/2018,73.8,73.16,74.01,72.14
7/9/2018,73.85,73.87,74.28,72.99
7/10/2018,74.11,74.04,74.7,73.65
7/11/2018,70.38,74.2,74.26,70.02
7/12/2018,70.33,70.6,71.23,69.23
7/13/2018,71.01,70.38,71.66,69.84
7/16/2018,68.06,70.52,70.87,67.58
7/17/2018,68.08,68.03,68.44,67.03
7/18/2018,68.76,67.61,69.06,67.06
7/19/2018,69.46,69,70.17,67.8
7/20/2018,70.46,69.39,71.1,69.37
7/23/2018,67.89,68.17,69.31,67.6
7/24/2018,68.52,67.8,69.05,67.56
7/25/2018,69.3,68.77,69.7,68.2
7/26/2018,69.61,69.38,69.92,68.92
7/27/2018,68.69,69.58,69.77,68.26
7/30/2018,70.13,69.01,70.43,68.8
7/31/2018,68.76,70.05,70.22,67.98
8/1/2018,67.66,68.43,68.52,67.31
8/2/2018,68.96,67.86,69.36,66.92
8/3/2018,68.49,68.99,69.24,67.87
8/6/2018,69.01,68.65,69.92,68.5
8/7/2018,69.17,68.9,69.83,68.81
8/8/2018,66.94,69.09,69.37,66.32
8/9/2018,66.81,66.79,67.41,66.49
8/10/2018,67.63,66.74,67.87,66.14
8/13/2018,67.2,67.78,67.95,65.71
8/14/2018,67.04,67.42,68.37,66.58
8/15/2018,65.01,66.62,66.9,64.51
8/16/2018,65.46,64.95,65.52,64.43
8/17/2018,65.91,65.47,66.39,65.3
8/20/2018,66.43,65.91,66.68,65.59
8/21/2018,67.35,66.62,68.1,66.52
8/22/2018,67.86,,68.15,
8/23/2018,67.83,68.07,68.12,67.32
8/24/2018,68.72,67.9,69.31,67.78
8/27/2018,68.87,68.57,68.97,68.34
8/28/2018,68.53,68.93,69.2,68.21
8/29/2018,69.51,68.54,69.76,68.37
8/30/2018,70.25,69.71,70.5,69.55
8/31/2018,69.8,70.06,70.36,69.64
9/4/2018,69.87,69.89,71.4,69.08
9/5/2018,68.72,69.43,69.59,68.56
9/6/2018,67.77,68.64,69.02,67
9/7/2018,67.75,,68.08,66.86
9/10/2018,67.54,67.82,68.52,67.35
9/11/2018,69.25,67.53,70.01,67.48
9/12/2018,70.37,69.89,71.26,69.5
9/13/2018,68.59,70.24,70.28,68.35
9/14/2018,68.99,68.79,69.91,67.94
9/17/2018,68.91,68.93,69.72,68.53
9/18/2018,69.85,68.8,70.42,68.53
9/19/2018,71.12,69.71,71.5,69.65
9/20/2018,70.8,71.39,71.81,70.73
9/21/2018,70.78,,71.8,69.98
9/24/2018,72.08,71.14,72.74,71.14
9/25/2018,72.28,72.25,72.78,71.89
9/26/2018,71.57,72.09,72.38,71.47
9/27/2018,72.12,72.01,72.6,71.71
9/28/2018,73.25,72.18,73.73,71.88
10/1/2018,75.3,73.29,75.77,72.95
10/2/2018,75.23,75.42,75.91,74.93
10/3/2018,76.41,75.12,76.9,74.3
10/4/2018,74.33,76.18,76.47,73.88
10/5/2018,74.34,74.67,75.22,73.83
10/8/2018,74.29,74.4,74.58,73.07
10/9/2018,74.96,74.21,75.28,74
10/10/2018,73.17,74.66,75.08,72.38
10/11/2018,70.97,72.68,72.76,70.51
10/12/2018,71.34,70.99,72.01,70.64
10/15/2018,71.78,71.85,72.7,70.85
10/16/2018,71.92,71.72,72.29,71.02
10/17/2018,69.75,72.17,72.43,69.43
10/18/2018,68.65,70.03,70.03,68.47
10/19/2018,69.12,68.68,69.77,68.56
10/22/2018,69.17,69.41,69.65,68.27
10/23/2018,66.43,,,65.74
10/24/2018,66.82,66.17,67.72,66.05
10/25/2018,67.33,66.36,67.65,65.99
10/26/2018,67.59,66.95,67.88,66.2
10/29/2018,67.04,67.55,67.95,66.29
10/30/2018,66.18,66.68,67.26,65.33
10/31/2018,65.31,66.32,67,64.81
11/1/2018,63.69,64.88,65.39,63.11
11/2/2018,63.14,63.5,63.95,62.63
11/5/2018,63.1,62.99,64.14,62.52
11/6/2018,62.21,62.7,63.32,61.31
11/7/2018,61.67,61.74,63.18,61.2
11/8/2018,60.67,61.64,62.42,60.4
11/9/2018,60.19,60.75,60.79,59.26
11/12/2018,59.93,60.7,61.28,58.68
11/13/2018,55.69,58.88,59.35,54.75
11/14/2018,56.25,55.27,57.37,55.13
11/15/2018,56.46,56.02,57.26,55.59
11/16/2018,56.46,56.58,57.96,55.89
11/19/2018,56.76,56.72,57.33,55.08
11/20/2018,53.43,,,52.77
11/21/2018,54.63,53.39,55.86,53.39
11/23/2018,50.42,54.66,54.82,50.15
11/26/2018,51.63,50.62,52.25,50.1
11/27/2018,51.56,51.54,52.38,50.3
11/28/2018,50.29,52.09,52.56,50.06
11/29/2018,51.45,50.31,52.2,49.47
11/30/2018,50.93,51.27,51.79,49.65
12/3/2018,52.95,52.45,53.85,52.03
12/4/2018,53.25,53.13,54.55,52.43
12/5/2018,52.89,52.59,54.29,52.16
12/6/2018,51.49,52.93,53.3,50.08
12/7/2018,52.61,51.76,54.22,50.6
12/10/2018,51,52.03,52.81,50.53
12/11/2018,51.65,50.89,52.43,50.7
12/12/2018,51.15,51.95,52.88,50.94
12/13/2018,52.58,51.2,53.27,50.35
12/14/2018,51.2,52.83,52.95,50.84
12/17/2018,49.88,51.25,51.87,49.01
12/18/2018,46.24,49.16,49.59,45.79
12/19/2018,47.2,45.93,48,45.93
12/20/2018,45.88,,,45.67
12/21/2018,45.59,46.25,46.77,45.13
12/24/2018,42.53,45.45,46.24,42.36
12/26/2018,46.22,42.85,47,42.52
12/27/2018,44.61,46.58,46.7,44.37
12/28/2018,45.33,45.44,46.22,44.42
12/31/2018,45.41,45.22,46.53,44.73
1/2/2019,46.54,45.8,47.78,44.35
1/3/2019,47.09,46.26,47.49,45.35
1/4/2019,47.96,46.9,49.22,46.65
1/7/2019,48.52,,49.79,
1/8/2019,49.78,48.73,49.95,48.31
1/9/2019,52.36,49.8,52.58,49.71
1/10/2019,52.59,52.18,52.78,51.37
1/11/2019,51.59,52.28,53.31,51.18
1/14/2019,50.51,51.73,52.11,50.38
1/15/2019,52.11,50.78,52.3,50.64
1/16/2019,52.31,52,52.52,51.26
1/17/2019,52.07,52.18,52.58,50.98
1/18/2019,53.8,52.23,53.92,52.09
1/22/2019,52.57,53.73,54.24,51.8
1/23/2019,52.62,,53.64,51.86
1/24/2019,53.13,52.45,53.47,52.07
1/25/2019,53.69,53.17,53.94,52.91
1/28/2019,51.99,53.56,53.64,51.33
1/29/2019,53.31,52.12,53.93,51.84
1/30/2019,54.23,53.24,54.93,53.09
1/31/2019,53.79,54.28,55.37,53.62
2/1/2019,55.26,54.01,55.66,53.37
2/4/2019,54.56,55.32,55.75,53.29
2/5/2019,53.66,54.86,55.21,53.47
2/6/2019,54.01,53.73,54.3,52.86
2/7/2019,52.64,53.94,54.21,51.8
2/8/2019,52.72,52.59,52.99,52.08
2/11/2019,52.41,52.66,52.78,51.23
2/12/2019,53.1,52.47,54.05,52.29
2/13/2019,53.9,53.35,54.6,53.27
2/14/2019,54.41,53.96,54.68,53.08
2/15/2019,55.59,54.48,55.87,54.24
2/19/2019,56.09,55.78,56.33,55.29
2/20/2019,56.92,55.94,57.55,55.48
2/21/2019,56.96,,57.61,56.64
2/22/2019,57.26,56.84,57.81,56.71
2/25/2019,55.48,57.17,57.53,55.08
2/26/2019,55.5,55.46,56.08,55.02
2/27/2019,56.94,55.95,57.39,55.72
2/28/2019,57.22,57,57.43,56.43
3/1/2019,55.8,57.22,57.88,55.57
3/4/2019,56.59,55.83,57,55.81
3/5/2019,56.56,56.45,57.19,56.09
3/6/2019,56.22,56.28,56.4,55.42
3/7/2019,56.66,56.2,56.99,56.08
3/8/2019,56.07,56.43,56.51,54.52
3/12/2019,56.87,56.76,57.55,56.74
3/13/2019,58.26,57.09,58.48,57.01
3/14/2019,58.61,58.35,58.74,58
3/15/2019,58.52,58.51,58.95,57.74
3/18/2019,59.09,58.45,59.23,58.05
3/19/2019,59.03,59.01,59.57,58.62
3/20/2019,59.83,59.02,60.12,58.39
3/21/2019,59.98,,60.39,59.66
3/22/2019,59.04,59.87,60.07,58.28
3/25/2019,58.82,58.98,59.35,58.17
3/26/2019,59.94,59.12,60.38,59.04
3/27/2019,59.41,60.03,60.22,58.81
3/28/2019,59.3,59.4,59.56,58.2
3/29/2019,60.14,59.53,60.73,59.41
4/1/2019,61.59,60.24,61.8,60.13
4/2/2019,62.58,61.81,62.75,61.6
4/3/2019,62.46,62.64,62.99,62.05
4/4/2019,62.1,62.5,62.77,61.89
4/5/2019,63.08,62.18,63.34,61.82
4/8/2019,64.4,63.33,64.48,63.13
4/9/2019,63.98,64.4,64.79,63.68
4/10/2019,64.61,64.22,64.7,64.05
4/11/2019,63.58,64.48,64.49,63.31
4/12/2019,63.89,63.71,64.65,63.66
4/15/2019,63.4,63.76,63.84,63.03
4/16/2019,64.05,63.57,64.37,62.99
4/17/2019,63.76,64.32,64.61,63.66
4/18/2019,64,63.75,64.16,63.46
4/22/2019,65.7,64,65.92,64
4/23/2019,66.3,,66.6,65.58
4/24/2019,65.89,66.17,66.43,65.66
4/25/2019,65.21,65.81,66.28,64.9
4/26/2019,63.3,65.13,65.18,62.28
4/29/2019,63.5,62.95,63.69,62.46
4/30/2019,63.91,63.58,64.75,63.3
5/1/2019,63.6,63.4,63.93,62.77
5/2/2019,61.81,63.61,63.68,60.95
5/3/2019,61.94,61.55,62.52,61.3
5/6/2019,62.25,61.43,62.95,60.04
5/7/2019,61.4,62.17,62.49,60.66
5/8/2019,62.12,61.44,62.37,61.07
5/9/2019,61.7,62.02,62.21,60.92
5/10/2019,61.66,61.64,62.49,61.42
5/13/2019,61.04,61.65,63.33,60.64
5/14/2019,61.78,60.86,62.11,60.69
5/15/2019,62.02,61.37,62.34,60.85
5/16/2019,62.87,62.12,63.48,62.08
5/17/2019,62.76,63.12,63.64,62.52
5/20/2019,63.1,62.93,63.81,62.45
5/21/2019,62.99,63.22,63.6,62.75
5/22/2019,61.42,,,61.03
5/23/2019,57.91,61.31,61.41,57.33
5/24/2019,58.63,58.21,59.1,57.5
5/28/2019,59.14,58.94,59.57,58.13
5/29/2019,58.81,59.07,59.14,56.88
5/30/2019,56.59,59.12,59.7,56.33
5/31/2019,53.5,56.46,56.61,53.05
6/3/2019,53.25,53.42,54.63,52.11
6/4/2019,53.48,52.89,53.78,52.43
6/5/2019,51.68,52.86,53.41,50.6
6/6/2019,52.59,51.66,53.3,51.17
6/7/2019,53.99,53.1,54.32,52.62
6/10/2019,53.26,54.24,54.84,53.05
6/11/2019,53.27,53.43,54.04,52.91
6/12/2019,51.14,53.04,53.05,50.72
6/13/2019,52.28,51.07,53.45,50.92
6/14/2019,52.51,52.18,52.98,51.7
6/17/2019,51.93,52.5,52.74,51.58
6/18/2019,53.9,51.95,54.31,51.5
6/19/2019,53.76,54.09,54.42,53.28
6/20/2019,56.65,54.12,57.02,54.11
6/21/2019,57.43,,57.98,56.66
6/24/2019,57.9,57.72,58.22,56.75
6/25/2019,57.83,57.74,58.84,57.2
6/26/2019,59.38,58.84,59.93,58.65
6/27/2019,59.43,59.27,59.73,58.61
6/28/2019,58.47,59.22,59.8,57.75
7/1/2019,59.09,59.27,60.28,58.34
7/2/2019,56.25,59.14,59.43,56.09
7/3/2019,57.34,56.49,57.48,56.04
7/5/2019,57.51,57.38,57.82,56.29
7/8/2019,57.66,57.77,58.46,57.3
7/9/2019,57.83,57.56,59.1,57.29
7/10/2019,60.43,58.4,60.53,58.35
7/11/2019,60.2,60.44,60.94,60.14
7/12/2019,60.21,60.46,60.74,59.93
7/15/2019,59.58,60.25,60.92,59.2
7/16/2019,57.62,59.26,60.06,57.07
7/17/2019,56.78,57.52,58.36,56.21
7/18/2019,55.3,56.6,57.32,54.72
7/19/2019,55.63,55.72,56.36,54.99
7/22/2019,56.22,56.22,56.84,55.72
7/23/2019,56.77,,57.47,55.74
7/24/2019,55.88,57.23,57.64,55.33
7/25/2019,56.02,55.9,56.99,55.81
7/26/2019,56.2,55.93,56.57,55.68
7/29/2019,56.87,56.2,57.1,55.81
7/30/2019,58.05,57.07,58.47,56.96
7/31/2019,58.58,58.34,58.82,57.81
8/1/2019,53.95,57.85,57.99,53.59
8/2/2019,55.66,54.54,56.05,54.15
8/5/2019,54.69,55.38,55.61,54.22
8/6/2019,53.63,54.95,55.42,53.29
8/7/2019,51.09,53.42,53.77,50.52
8/8/2019,52.54,52.33,53.06,51.94
8/9/2019,54.5,52.88,54.92,52.37
8/12/2019,54.93,54.32,55.16,53.54
8/13/2019,57.1,54.73,57.47,54.21
8/14/2019,55.23,56.74,56.85,53.97
8/15/2019,54.47,54.9,55.33,53.77
8/16/2019,54.87,54.74,55.67,54.26
8/19/2019,56.21,54.96,56.41,54.84
8/20/2019,56.34,56.1,56.6,55.28
8/21/2019,55.68,,57.13,55.55
8/22/2019,55.35,55.94,56.46,54.85
8/23/2019,54.17,55.35,55.6,53.24
8/26/2019,53.64,53.25,55.26,52.96
8/27/2019,54.93,53.76,55.72,53.69
8/28/2019,55.78,55.71,56.75,55.34
8/29/2019,56.71,55.88,56.89,55.43
8/30/2019,55.1,56.63,56.72,54.55
9/3/2019,53.94,55,55.24,52.84
9/4/2019,56.26,53.92,56.58,53.84
9/5/2019,56.3,55.95,57.76,55.75
9/6/2019,56.52,56.19,56.95,54.83
9/9/2019,57.85,56.8,58.16,56.58
9/10/2019,57.4,58.03,58.76,57.2
9/11/2019,55.75,57.89,58.3,55.61
9/12/2019,55.09,55.93,56.34,54
9/13/2019,54.85,55.15,55.68,54.44
9/16/2019,62.9,61.48,63.38,58.77
9/17/2019,59.34,61.96,62.59,58.46
9/18/2019,58.11,58.81,59.43,57.67
9/19/2019,58.13,58.2,59.54,58.01
9/20/2019,58.09,58.65,59.1,57.79
9/23/2019,58.64,59.25,59.39,57.37
9/24/2019,57.29,58.44,58.49,56.69
9/25/2019,56.49,56.7,57.02,55.55
9/26/2019,56.41,56.69,56.84,55.41
9/27/2019,55.91,56.51,56.76,54.75
9/30/2019,54.07,56.54,56.57,53.98
10/1/2019,53.62,54.28,54.84,53.05
10/2/2019,52.64,54,54.42,52.17
10/3/2019,52.45,52.47,52.91,50.99
10/4/2019,52.81,52.29,53.35,52.04
10/7/2019,52.75,52.69,54.06,52.59
10/8/2019,52.63,52.81,53.27,51.81
10/9/2019,52.59,52.57,53.74,52.31
10/10/2019,53.55,52.69,53.97,51.38
10/11/2019,54.7,53.88,54.93,53.64
10/14/2019,53.59,54.9,54.9,52.77
10/15/2019,52.81,53.51,53.79,52.39
10/16/2019,53.36,52.92,53.74,52.51
10/17/2019,53.93,52.99,54.16,52.62
10/18/2019,53.78,54.09,54.62,53.35
10/21/2019,53.31,53.71,54.03,52.71
10/22/2019,54.16,53.39,54.62,53.1
10/23/2019,55.97,,56.07,53.62
10/24/2019,56.23,55.9,56.51,55.41
10/25/2019,56.66,56.07,56.74,55.6
10/28/2019,55.81,56.65,56.92,55.58
10/29/2019,55.54,55.8,55.91,54.61
10/30/2019,55.06,55.53,55.73,54.42
10/31/2019,54.18,54.9,55.59,53.71
11/1/2019,56.2,54.15,56.33,54.07
11/4/2019,56.54,56.41,57.43,55.83
11/5/2019,57.23,56.56,57.5,56.3
11/6/2019,56.35,57.26,57.85,56.11
11/7/2019,57.15,56.35,57.88,56.27
11/8/2019,57.24,57.08,57.48,55.76
11/10/2019,56.76,57.4,57.4,56.73
11/11/2019,56.86,56.75,,56.25
11/12/2019,56.8,56.97,57.55,56.54
11/13/2019,57.12,56.79,57.53,56.2
11/14/2019,56.77,57.39,57.79,56.63
11/15/2019,57.72,56.91,57.97,56.43
11/18/2019,57.05,57.88,58.09,56.55
11/19/2019,55.21,56.9,57.11,55.04
11/20/2019,57.11,55.16,57.25,54.76
11/21/2019,58.58,,58.67,56.6
11/22/2019,57.77,58.31,58.74,57.5
11/25/2019,58.01,57.92,58.15,57.21
11/26/2019,58.41,57.92,58.56,57.76
11/27/2019,58.11,58.27,58.68,57.51
11/29/2019,55.17,58.13,58.3,55.02
12/2/2019,55.96,55.47,56.67,55.42
12/3/2019,56.1,55.96,56.8,55.35
12/4/2019,58.43,56.43,58.66,56.28
12/5/2019,58.43,58.36,59.12,58.1
12/6/2019,59.2,58.32,59.85,57.7
12/9/2019,59.02,59.11,59.25,58.23
12/10/2019,59.24,58.92,59.52,58.52
12/11/2019,58.76,59.06,59.22,58.11
12/12/2019,59.18,58.88,59.72,58.75
12/13/2019,60.07,59.36,60.48,59.27
12/16/2019,60.21,59.87,60.34,59.71
12/17/2019,60.94,60.23,61.06,60.03
12/18/2019,60.93,60.55,61.18,60.32
12/19/2019,61.22,60.86,61.47,60.79
12/20/2019,60.44,,61.2,60.02
12/23/2019,60.52,60.41,60.77,60.1
12/24/2019,61.11,60.63,61.16,60.47
12/26/2019,61.68,61.2,61.83,61.06
12/27/2019,61.72,61.73,61.97,61.24
12/30/2019,61.68,61.71,62.34,61.09
12/31/2019,61.06,61.68,61.88,60.63
1/2/2020,61.18,61.6,61.6,60.64
1/3/2020,63.05,61.18,64.09,61.13
1/6/2020,63.27,63.71,64.72,62.64
1/7/2020,62.7,62.91,63.15,62.11
1/8/2020,59.61,62.84,65.65,59.15
1/9/2020,59.56,59.99,60.31,58.66
1/10/2020,59.04,59.61,59.78,58.85
1/13/2020,58.08,59.04,59.27,57.91
1/14/2020,58.23,58.03,58.72,57.72
1/15/2020,57.81,58.2,58.36,57.36
1/16/2020,58.52,58.1,58.87,57.56
1/17/2020,58.54,58.59,58.98,58.27
1/21/2020,58.34,59.17,59.73,57.68
1/22/2020,56.74,,,56.03
1/23/2020,55.59,56.11,56.27,54.77
1/24/2020,54.19,55.69,55.95,53.85
1/27/2020,53.14,53.7,53.71,52.13
1/28/2020,53.48,52.77,54.06,52.68
1/29/2020,53.33,53.97,54.37,52.81
1/30/2020,52.14,53.09,53.2,51.66
1/31/2020,51.56,52.92,53.36,50.97
2/3/2020,50.11,51.01,51.97,49.8
2/4/2020,49.61,49.94,51.55,49.31
2/5/2020,50.75,49.51,51.88,49.47
2/6/2020,50.95,51.17,52.2,50.24
2/7/2020,50.32,51.11,51.48,50.09
2/10/2020,49.57,50.12,50.49,49.42
2/11/2020,49.94,49.61,50.69,49.58
2/12/2020,51.17,49.96,51.73,49.95
2/13/2020,51.42,51.72,51.96,50.6
2/14/2020,52.05,51.51,52.34,51.32
2/18/2020,52.05,,,50.88
2/19/2020,53.29,52.12,53.66,51.93
2/20/2020,53.78,53.5,54.5,53.22
2/21/2020,53.38,,,52.55
2/24/2020,51.43,52.6,52.64,50.45
2/25/2020,49.9,51.37,52.02,49.69
2/26/2020,48.73,50.08,50.44,48.3
2/27/2020,47.09,48.63,48.78,45.88
2/28/2020,44.76,46.49,47.03,43.85
3/2/2020,46.75,43.7,47.56,43.32
3/3/2020,47.18,47.72,48.66,46.47
3/4/2020,46.78,46.94,48.41,46.65
3/5/2020,45.9,47.13,47.57,45.65
3/6/2020,41.28,46.09,46.38,41.05
3/9/2020,31.13,32.87,34.88,27.34
3/10/2020,34.36,30.37,35.02,30.2
3/11/2020,32.98,34.62,36.35,32.56
3/12/2020,31.5,33.07,33.63,30.02
3/13/2020,31.73,30.77,33.87,30.33
3/16/2020,28.7,33.75,33.75,28.1
3/17/2020,26.95,28.69,30.3,26.63
3/18/2020,20.37,26.94,27.22,20.06
3/19/2020,25.22,22.3,27.71,21.36
3/20/2020,22.43,24.73,27.89,19.46
3/23/2020,23.36,22.52,24.07,20.8
3/24/2020,24.01,23.87,25.16,23.09
3/25/2020,24.49,24.37,25.24,22.91
3/26/2020,22.6,24.25,24.65,22.38
3/27/2020,21.51,23.29,23.44,20.88
3/30/2020,20.09,20.93,20.93,19.27
3/31/2020,20.48,20.23,21.89,20.01
4/1/2020,20.31,20.1,21.55,19.9
4/2/2020,25.32,21.22,27.39,20.76
4/3/2020,28.34,24.81,29.13,23.52
4/6/2020,26.08,26.09,28.24,25.28
4/7/2020,23.63,26.34,27.24,23.54
4/8/2020,25.09,24.3,26.45,23.74
4/9/2020,22.76,26.28,28.36,22.57
4/13/2020,22.41,24.6,24.74,22.03
4/14/2020,20.11,22.36,23.08,19.95
4/15/2020,19.87,20.72,20.89,19.2
4/16/2020,19.87,20.15,20.53,19.42
4/17/2020,18.27,20,20.22,17.31
